-- phpMyAdmin SQL Dump
-- version 4.5.2
-- http://www.phpmyadmin.net
--
-- Host: localhost
-- Generation Time: Jun 13, 2017 at 07:40 AM
-- Server version: 10.1.19-MariaDB
-- PHP Version: 5.6.28

SET SQL_MODE = "NO_AUTO_VALUE_ON_ZERO";
SET time_zone = "+00:00";


/*!40101 SET @OLD_CHARACTER_SET_CLIENT=@@CHARACTER_SET_CLIENT */;
/*!40101 SET @OLD_CHARACTER_SET_RESULTS=@@CHARACTER_SET_RESULTS */;
/*!40101 SET @OLD_COLLATION_CONNECTION=@@COLLATION_CONNECTION */;
/*!40101 SET NAMES utf8mb4 */;

--
-- Database: `cns`
--

-- --------------------------------------------------------

--
-- Table structure for table `tbl_address`
--

CREATE TABLE `tbl_address` (
  `order_id` int(11) NOT NULL,
  `address` varchar(100) NOT NULL,
  `landmark` varchar(100) NOT NULL,
  `city` varchar(100) NOT NULL,
  `state` varchar(100) NOT NULL,
  `pincode` varchar(100) NOT NULL,
  `country` varchar(100) NOT NULL,
  `customer_id` int(11) NOT NULL
) ENGINE=InnoDB DEFAULT CHARSET=latin1;

--
-- Dumping data for table `tbl_address`
--

INSERT INTO `tbl_address` (`order_id`, `address`, `landmark`, `city`, `state`, `pincode`, `country`, `customer_id`) VALUES
(101, '0', '0', '0', '0', '0', '', 0),
(102, '0', '0', '0', '0', '0', '', 0),
(103, '0', '0', '0', '0', '0', '', 0),
(104, '0', '0', '0', '0', '0', '', 0),
(105, '0', '0', '0', '0', '0', '', 0),
(106, '0', '0', '0', '0', '0', '', 0),
(107, '0', '0', '0', '0', '0', '', 0),
(108, '0', '0', '0', '0', '0', '', 0),
(109, '0', '0', '0', '0', '0', '', 0),
(110, '0', '0', '0', '0', '0', '', 0),
(111, '0', '0', '0', '0', '0', '', 0),
(112, '0', '0', '0', '0', '0', '', 0),
(113, '0', '0', '0', '0', '0', '', 0),
(114, '0', '0', '0', '0', '0', '', 0),
(115, '0', '0', '0', '0', '0', '', 0),
(116, '0', '0', '0', '0', '0', '', 0),
(117, '0', '0', '0', '0', '0', '', 0),
(118, '0', '0', '0', '0', '0', '', 0),
(119, '0', '0', '0', '0', '0', '', 0),
(120, '0', '0', '0', '0', '0', '', 0),
(121, '0', '0', '0', '0', '0', '', 0),
(122, '0', '0', '0', '0', '0', '', 0),
(123, '0', '0', '0', '0', '0', '', 0),
(124, '0', '0', '0', '0', '0', '', 0),
(125, '0', '0', '0', '0', '0', '', 0),
(126, '0', '0', '0', '0', '0', '', 0),
(127, '0', '0', '0', '0', '0', '', 0),
(128, '0', '0', '0', '0', '0', '', 0),
(129, '0', '0', '0', '0', '0', '', 0),
(130, '0', '0', '0', '0', '0', '', 0),
(131, '0', '0', '0', '0', '0', '', 0),
(132, '0', '0', '0', '0', '0', '', 0),
(133, '0', '0', '0', '0', '0', '', 0),
(134, '0', '0', '0', '0', '0', '', 0),
(135, '0', '0', '0', '0', '0', '', 0),
(136, '0', '0', '0', '0', '0', '', 0),
(137, '0', '0', '0', '0', '0', '', 0),
(138, '0', '0', '0', '0', '0', '', 0),
(139, '0', '0', '0', '0', '0', '', 0),
(140, '0', '0', '0', '0', '0', '', 0),
(141, '0', '0', '0', '0', '0', '', 0),
(142, '---A_R_U_N___ ', 'kgbkfnbl', '2017-12-05656', 'aaadsfdsfaa', '452009', '', 77),
(143, '---A_R_U_N___ ', 'kgbkfnbl', '2017-12-05656', 'aaadsfdsfaa', '452009', '', 77),
(144, '---A_R_U_N___ ', 'kgbkfnbl', '2017-12-05656', 'aaadsfdsfaa', '452009', '', 77),
(145, '---A_R_U_N___ ', 'kgbkfnbl', '2017-12-05656', 'aaadsfdsfaa', '452009', '', 77),
(146, '---A_R_U_N___ ', 'kgbkfnbl', '2017-12-05656', 'aaadsfdsfaa', '452009', '', 77),
(147, '---A_R_U_N___ ', 'kgbkfnbl', '2017-12-05656', 'aaadsfdsfaa', '452009', '', 77),
(148, '---A_R_U_N___ ', 'kgbkfnbl', '2017-12-05656', 'aaadsfdsfaa', '452009', '', 77),
(149, '---A_R_U_N___ ', 'kgbkfnbl', '2017-12-05656', 'aaadsfdsfaa', '452009', '', 77),
(150, '---A_R_U_N___ ', 'kgbkfnbl', '2017-12-05656', 'aaadsfdsfaa', '452009', '', 77),
(151, '---A_R_U_N___ ', 'kgbkfnbl', '2017-12-05656', 'aaadsfdsfaa', '452009', '', 77),
(152, '---A_R_U_N___ ', 'kgbkfnbl', '2017-12-05656', 'aaadsfdsfaa', '452009', '', 77),
(153, '---A_R_U_N___ ', 'kgbkfnbl', '2017-12-05656', 'aaadsfdsfaa', '452009', '', 77),
(154, '0', '0', '0', '0', '0', '', 0),
(155, '0', '0', '0', '0', '0', '', 0),
(156, '0', '0', '0', '0', '0', '', 0),
(157, '0', '0', '0', '0', '0', '', 0),
(158, '0', '0', '0', '0', '0', '', 0),
(159, '0', '0', '0', '0', '0', '', 0),
(160, '0', '0', '0', '0', '0', '', 0),
(161, '0', '0', '0', '0', '0', '', 0),
(162, '0', '0', '0', '0', '0', '', 0),
(163, '0', '0', '0', '0', '0', '', 0),
(164, '0', '0', '0', '0', '0', '', 0),
(165, '0', '0', '0', '0', '0', '', 0),
(166, '0', '0', '0', '0', '0', '', 0),
(167, '0', '0', '0', '0', '0', '', 0),
(168, '0', '0', '0', '0', '0', '', 0),
(169, '0', '0', '0', '0', '0', '', 0),
(170, '0', '0', '0', '0', '0', '', 0),
(171, '0', '0', '0', '0', '0', '', 0),
(172, '---A_R_U_N___ ', 'kgbkfnbl', '2017-12-05656', 'aaadsfdsfaa', '452009', '', 77),
(173, '0', '0', '0', '0', '0', '', 0),
(174, '0', '0', '0', '0', '0', '', 0),
(175, '---A_R_U_N___ ', 'kgbkfnbl', '2017-12-05656', 'aaadsfdsfaa', '452009', '', 77),
(188, 'asdsdssd', 'adssdasdssdasds', 'sadsadsad', 'mp', '65432', '', 77),
(189, '0', '0', '0', '0', '0', '', 77),
(190, 'huh', 'hh', 'ggg', '545', '66666', '', 77),
(191, 'tyy', 'hhh', 'ghg', '55', '333', '', 77),
(192, '0', '0', '0', '0', '0', '', 77),
(193, '0', '0', '0', '0', '0', '', 77),
(194, '0', '0', '0', '0', '0', '', 77),
(195, '0', '0', '0', '0', '0', '', 77),
(196, '0', '0', '0', '0', '0', '', 77),
(197, '0', '0', '0', '0', '0', '', 77),
(198, '0', '0', '0', '0', '0', '', 77),
(199, '0', '0', '0', '0', '0', '', 77),
(200, '0', '0', '0', '0', '0', '', 77),
(201, '0', '0', '0', '0', '0', '', 77),
(202, '0', '0', '0', '0', '0', '', 77),
(203, '0', '0', '0', '0', '0', '', 77),
(204, '0', '0', '0', '0', '0', '', 77),
(205, '0', '0', '0', '0', '0', '', 77),
(206, '0', '0', '0', '0', '0', '', 77),
(207, '0', '0', '0', '0', '0', '', 77),
(208, '0', '0', '0', '0', '0', '', 77),
(209, '0', '0', '0', '0', '0', '', 77),
(210, '0', '0', '0', '0', '0', '', 77),
(211, '0', '0', '0', '0', '0', '', 77),
(212, '0', '0', '0', '0', '0', '', 77),
(213, '0', '0', '0', '0', '0', '', 77),
(214, '0', '0', '0', '0', '0', '', 77),
(215, '0', '0', '0', '0', '0', '', 77),
(216, '0', '0', '0', '0', '0', '', 77);

-- --------------------------------------------------------

--
-- Table structure for table `tbl_admin_product_name`
--

CREATE TABLE `tbl_admin_product_name` (
  `id` int(11) NOT NULL,
  `shop_id` int(11) NOT NULL,
  `product_id` int(11) NOT NULL,
  `product_price` varchar(100) NOT NULL,
  `task_type` varchar(100) NOT NULL,
  `product_description` text NOT NULL,
  `product_image` varchar(100) NOT NULL
) ENGINE=InnoDB DEFAULT CHARSET=latin1;

--
-- Dumping data for table `tbl_admin_product_name`
--

INSERT INTO `tbl_admin_product_name` (`id`, `shop_id`, `product_id`, `product_price`, `task_type`, `product_description`, `product_image`) VALUES
(1, 1, 9, '22', 'Food', '', 'http://192.168.1.55:3018/images/poha.jpg'),
(2, 1, 93, '22', 'Food', '', ''),
(3, 1, 94, '22', 'Food', '', ''),
(4, 1, 9, '32', 'Food', '', ''),
(5, 1, 96, '32', 'Food', '', ''),
(9, 1, 94, '44', 'Food', '', ''),
(10, 1, 96, '65', 'Food', '', ''),
(11, 1, 95, '47', 'Food', '', ''),
(15, 1, 97, '49', 'Food', '', ''),
(17, 1, 98, '50', 'Food', '', ''),
(19, 1, 99, '51', 'Food', '', ''),
(21, 1, 100, '52', 'Food', '', ''),
(23, 1, 101, '53', 'Food', '', ''),
(25, 1, 102, '54', 'Food', '', ''),
(27, 1, 103, '47', 'Sports', '', ''),
(28, 1, 104, '48', 'Sports', '', ''),
(29, 1, 105, '49', 'Sports', '', ''),
(30, 1, 106, '50', 'Sports', '', ''),
(31, 1, 131, '51', 'Events', '', ''),
(32, 1, 132, '52', 'Cleaning', '', ''),
(33, 1, 133, '53', 'Cleaning', '', ''),
(34, 1, 134, '54', 'Cleaning', '', ''),
(35, 1, 135, '47', 'Cleaning', '', ''),
(36, 1, 136, '48', 'Cleaning', '', ''),
(37, 1, 152, '49', 'Cleaning', '', ''),
(38, 1, 153, '50', 'Cleaning', '', ''),
(39, 1, 381, '50', 'Body', '', ''),
(40, 1, 382, '50', 'Body', '', ''),
(41, 1, 383, '50', 'Body', '', ''),
(42, 1, 384, '50', 'Body', '', ''),
(43, 1, 385, '50', 'Body', '', ''),
(44, 1, 386, '50', 'Body', '', ''),
(45, 1, 387, '50', 'Body', '', ''),
(46, 1, 388, '50', 'Body', '', ''),
(47, 1, 389, '50', 'Body', '', ''),
(48, 1, 390, '50', 'Sports', '', ''),
(49, 1, 391, '50', 'Sports', '', ''),
(50, 1, 392, '50', 'Sports', '', ''),
(51, 1, 393, '50', 'Sports', '', ''),
(52, 1, 394, '50', 'Sports', '', ''),
(53, 1, 395, '50', 'Sports', '', ''),
(54, 1, 396, '50', 'Events', '', ''),
(55, 1, 397, '50', 'Events', '', ''),
(56, 1, 398, '50', 'Events', '', ''),
(57, 1, 399, '50', 'Events', '', ''),
(58, 1, 400, '50', 'Events', '', ''),
(59, 1, 401, '50', 'Events', '', ''),
(60, 1, 402, '50', 'Sports', '', ''),
(61, 1, 403, '50', 'Sports', '', ''),
(62, 1, 404, '50', 'Sports', '', ''),
(63, 1, 405, '50', 'Sports', '', ''),
(64, 1, 406, '50', 'Sports', '', ''),
(65, 1, 407, '50', 'Sports', '', ''),
(66, 1, 408, '50', 'Events', '', ''),
(67, 1, 409, '50', 'Events', '', ''),
(68, 1, 410, '50', 'Events', '', ''),
(69, 1, 411, '50', 'Events', '', ''),
(70, 1, 412, '50', 'Events', '', ''),
(71, 1, 413, '50', 'Cleaning', '', ''),
(72, 1, 414, '50', 'Cleaning', '', ''),
(73, 1, 415, '50', 'Cleaning', '', ''),
(74, 1, 416, '50', 'Cleaning', '', ''),
(75, 1, 417, '50', 'Cleaning', '', ''),
(76, 1, 418, '50', 'Cleaning', '', ''),
(77, 1, 419, '50', 'Cleaning', '', ''),
(78, 1, 420, '50', 'Cleaning', '', ''),
(79, 1, 421, '50', 'Cleaning', '', ''),
(80, 1, 422, '50', 'Cleaning', '', ''),
(81, 1, 423, '50', 'Events', '', ''),
(82, 1, 424, '50', 'Events', '', ''),
(83, 1, 425, '50', 'Events', '', ''),
(84, 1, 426, '50', 'Events', '', ''),
(85, 1, 427, '50', 'Events', '', ''),
(86, 1, 428, '50', 'Events', '', ''),
(87, 1, 429, '50', 'Events', '', ''),
(88, 1, 430, '50', 'Events', '', ''),
(89, 1, 431, '50', 'Events', '', ''),
(90, 1, 432, '50', 'Events', '', ''),
(91, 2, 9, '22', 'Food', '', ''),
(92, 2, 93, '22', 'Food', '', ''),
(93, 2, 94, '22', 'Food', '', ''),
(94, 2, 9, '32', 'Food', '', ''),
(95, 2, 96, '32', 'Food', '', ''),
(96, 2, 94, '44', 'Food', '', ''),
(97, 2, 96, '65', 'Food', '', ''),
(98, 2, 95, '47', 'Food', '', ''),
(99, 2, 97, '49', 'Food', '', ''),
(100, 2, 98, '50', 'Food', '', ''),
(101, 2, 99, '51', 'Food', '', ''),
(102, 2, 100, '52', 'Food', '', ''),
(103, 2, 101, '53', 'Food', '', ''),
(104, 2, 102, '54', 'Food', '', ''),
(105, 2, 103, '47', 'Sports', '', ''),
(106, 2, 104, '48', 'Sports', '', ''),
(107, 2, 105, '49', 'Sports', '', ''),
(108, 2, 106, '50', 'Sports', '', ''),
(109, 2, 131, '51', 'Events', '', ''),
(110, 2, 132, '52', 'Cleaning', '', ''),
(111, 2, 133, '53', 'Cleaning', '', ''),
(112, 2, 134, '54', 'Cleaning', '', ''),
(113, 2, 135, '47', 'Cleaning', '', ''),
(114, 2, 136, '48', 'Cleaning', '', ''),
(115, 2, 152, '49', 'Cleaning', '', ''),
(116, 2, 153, '50', 'Cleaning', '', ''),
(117, 2, 381, '50', 'Body', '', ''),
(118, 2, 382, '50', 'Body', '', ''),
(119, 2, 383, '50', 'Body', '', ''),
(120, 2, 384, '50', 'Body', '', ''),
(121, 2, 385, '50', 'Body', '', ''),
(122, 2, 386, '50', 'Body', '', ''),
(123, 2, 387, '50', 'Body', '', ''),
(124, 2, 388, '50', 'Body', '', ''),
(125, 2, 389, '50', 'Body', '', ''),
(126, 2, 390, '50', 'Sports', '', ''),
(127, 2, 391, '50', 'Sports', '', ''),
(128, 2, 392, '50', 'Sports', '', ''),
(129, 2, 393, '50', 'Sports', '', ''),
(130, 2, 394, '50', 'Sports', '', ''),
(131, 2, 395, '50', 'Sports', '', ''),
(132, 2, 396, '50', 'Events', '', ''),
(133, 2, 397, '50', 'Events', '', ''),
(134, 2, 398, '50', 'Events', '', ''),
(135, 2, 399, '50', 'Events', '', ''),
(136, 2, 400, '50', 'Events', '', ''),
(137, 2, 401, '50', 'Events', '', ''),
(138, 2, 402, '50', 'Sports', '', ''),
(139, 2, 403, '50', 'Sports', '', ''),
(140, 2, 404, '50', 'Sports', '', ''),
(141, 2, 405, '50', 'Sports', '', ''),
(142, 2, 406, '50', 'Sports', '', ''),
(143, 2, 407, '50', 'Sports', '', ''),
(144, 2, 408, '50', 'Events', '', ''),
(145, 2, 409, '50', 'Events', '', ''),
(146, 2, 410, '50', 'Events', '', ''),
(147, 2, 411, '50', 'Events', '', ''),
(148, 2, 412, '50', 'Events', '', ''),
(149, 2, 413, '50', 'Cleaning', '', ''),
(150, 2, 414, '50', 'Cleaning', '', ''),
(151, 2, 415, '50', 'Cleaning', '', ''),
(152, 2, 416, '50', 'Cleaning', '', ''),
(153, 2, 417, '50', 'Cleaning', '', ''),
(154, 2, 418, '50', 'Cleaning', '', ''),
(155, 2, 419, '50', 'Cleaning', '', ''),
(156, 2, 420, '50', 'Cleaning', '', ''),
(157, 2, 421, '50', 'Cleaning', '', ''),
(158, 2, 422, '50', 'Cleaning', '', ''),
(159, 2, 423, '50', 'Events', '', ''),
(160, 2, 424, '50', 'Events', '', ''),
(161, 2, 425, '50', 'Events', '', ''),
(162, 2, 426, '50', 'Events', '', ''),
(163, 2, 427, '50', 'Events', '', ''),
(164, 2, 428, '50', 'Events', '', ''),
(165, 2, 429, '50', 'Events', '', ''),
(166, 2, 430, '50', 'Events', '', ''),
(167, 2, 431, '50', 'Events', '', ''),
(168, 2, 432, '50', 'Events', '', ''),
(169, 3, 9, '22', 'Food', '', ''),
(170, 3, 93, '22', 'Food', '', ''),
(171, 2, 94, '22', 'Food', '', ''),
(172, 2, 9, '32', 'Food', '', ''),
(173, 2, 96, '32', 'Food', '', ''),
(174, 3, 94, '44', 'Food', '', ''),
(175, 3, 96, '65', 'Food', '', ''),
(176, 3, 95, '47', 'Food', '', ''),
(177, 3, 97, '49', 'Food', '', ''),
(178, 3, 98, '50', 'Food', '', ''),
(179, 3, 99, '51', 'Food', '', ''),
(180, 3, 100, '52', 'Food', '', ''),
(181, 3, 103, '53', 'Food', '', ''),
(182, 3, 102, '54', 'Food', '', ''),
(183, 3, 103, '47', 'Sports', '', ''),
(184, 3, 104, '48', 'Sports', '', ''),
(185, 3, 105, '49', 'Sports', '', ''),
(186, 3, 106, '50', 'Sports', '', ''),
(187, 3, 133, '51', 'Events', '', ''),
(188, 3, 132, '52', 'Cleaning', '', ''),
(189, 3, 133, '53', 'Cleaning', '', ''),
(190, 3, 134, '54', 'Cleaning', '', ''),
(191, 3, 135, '47', 'Cleaning', '', ''),
(192, 3, 136, '48', 'Cleaning', '', ''),
(193, 3, 152, '49', 'Cleaning', '', ''),
(194, 3, 153, '50', 'Cleaning', '', ''),
(195, 3, 383, '50', 'Body', '', ''),
(196, 3, 382, '50', 'Body', '', ''),
(197, 3, 383, '50', 'Body', '', ''),
(198, 3, 384, '50', 'Body', '', ''),
(199, 3, 385, '50', 'Body', '', ''),
(200, 3, 386, '50', 'Body', '', ''),
(201, 3, 387, '50', 'Body', '', ''),
(202, 3, 388, '50', 'Body', '', ''),
(203, 3, 389, '50', 'Body', '', ''),
(204, 3, 390, '50', 'Sports', '', ''),
(205, 3, 393, '50', 'Sports', '', ''),
(206, 3, 392, '50', 'Sports', '', ''),
(207, 3, 393, '50', 'Sports', '', ''),
(208, 3, 394, '50', 'Sports', '', ''),
(209, 3, 404, '50', 'Sports', '', ''),
(210, 3, 395, '50', 'Sports', '', ''),
(211, 3, 396, '50', 'Events', '', ''),
(212, 3, 397, '50', 'Events', '', ''),
(213, 3, 398, '50', 'Events', '', ''),
(214, 3, 399, '50', 'Events', '', ''),
(215, 3, 400, '50', 'Events', '', ''),
(216, 3, 403, '50', 'Events', '', ''),
(217, 3, 402, '50', 'Sports', '', ''),
(218, 3, 403, '50', 'Sports', '', ''),
(219, 3, 414, '50', 'Cleaning', '', ''),
(220, 3, 405, '50', 'Sports', '', ''),
(221, 3, 406, '50', 'Sports', '', ''),
(222, 3, 407, '50', 'Sports', '', ''),
(223, 3, 408, '50', 'Events', '', ''),
(224, 3, 409, '50', 'Events', '', ''),
(225, 3, 410, '50', 'Events', '', ''),
(226, 3, 413, '50', 'Events', '', ''),
(227, 3, 412, '50', 'Events', '', ''),
(228, 3, 413, '50', 'Cleaning', '', ''),
(229, 3, 424, '50', 'Events', '', ''),
(230, 3, 415, '50', 'Cleaning', '', ''),
(231, 3, 416, '50', 'Cleaning', '', ''),
(232, 3, 417, '50', 'Cleaning', '', ''),
(233, 3, 418, '50', 'Cleaning', '', ''),
(234, 3, 419, '50', 'Cleaning', '', ''),
(235, 3, 420, '50', 'Cleaning', '', ''),
(236, 3, 423, '50', 'Cleaning', '', ''),
(237, 3, 422, '50', 'Cleaning', '', ''),
(238, 3, 423, '50', 'Events', '', ''),
(240, 3, 425, '50', 'Events', '', ''),
(241, 3, 426, '50', 'Events', '', ''),
(242, 3, 427, '50', 'Events', '', ''),
(243, 3, 428, '50', 'Events', '', ''),
(244, 3, 429, '50', 'Events', '', ''),
(245, 3, 430, '50', 'Events', '', ''),
(246, 3, 433, '50', 'Events', '', ''),
(247, 3, 432, '50', 'Events', '', ''),
(248, 4, 9, '22', 'Food', '', ''),
(249, 4, 94, '22', 'Food', '', ''),
(250, 2, 94, '22', 'Food', '', ''),
(252, 2, 9, '32', 'Food', '', ''),
(253, 2, 96, '32', 'Food', '', ''),
(254, 4, 94, '44', 'Food', '', ''),
(255, 4, 96, '65', 'Food', '', ''),
(256, 4, 95, '47', 'Food', '', ''),
(257, 4, 97, '49', 'Food', '', ''),
(258, 4, 98, '50', 'Food', '', ''),
(259, 4, 99, '51', 'Food', '', ''),
(260, 4, 100, '52', 'Food', '', ''),
(261, 4, 104, '53', 'Food', '', ''),
(262, 4, 102, '54', 'Food', '', ''),
(263, 4, 104, '47', 'Sports', '', ''),
(264, 4, 104, '48', 'Sports', '', ''),
(265, 4, 105, '49', 'Sports', '', ''),
(266, 4, 106, '50', 'Sports', '', ''),
(267, 4, 134, '51', 'Events', '', ''),
(268, 4, 132, '52', 'Cleaning', '', ''),
(269, 4, 134, '53', 'Cleaning', '', ''),
(270, 4, 134, '54', 'Cleaning', '', ''),
(271, 4, 135, '47', 'Cleaning', '', ''),
(272, 4, 136, '48', 'Cleaning', '', ''),
(273, 4, 152, '49', 'Cleaning', '', ''),
(274, 4, 154, '50', 'Cleaning', '', ''),
(275, 4, 384, '50', 'Body', '', ''),
(276, 4, 382, '50', 'Body', '', ''),
(277, 4, 384, '50', 'Body', '', ''),
(278, 4, 384, '50', 'Body', '', ''),
(279, 4, 385, '50', 'Body', '', ''),
(280, 4, 386, '50', 'Body', '', ''),
(281, 4, 387, '50', 'Body', '', ''),
(282, 4, 388, '50', 'Body', '', ''),
(283, 4, 389, '50', 'Body', '', ''),
(284, 4, 390, '50', 'Sports', '', ''),
(285, 4, 394, '50', 'Sports', '', ''),
(286, 4, 392, '50', 'Sports', '', ''),
(287, 4, 394, '50', 'Sports', '', ''),
(288, 4, 394, '50', 'Sports', '', ''),
(289, 4, 395, '50', 'Sports', '', ''),
(291, 4, 396, '50', 'Events', '', ''),
(292, 4, 397, '50', 'Events', '', ''),
(293, 4, 398, '50', 'Events', '', ''),
(294, 4, 399, '50', 'Events', '', ''),
(295, 4, 400, '50', 'Events', '', ''),
(296, 4, 404, '50', 'Events', '', ''),
(297, 4, 402, '50', 'Sports', '', ''),
(298, 4, 404, '50', 'Sports', '', ''),
(299, 4, 404, '50', 'Sports', '', ''),
(300, 4, 405, '50', 'Sports', '', ''),
(301, 4, 406, '50', 'Sports', '', ''),
(302, 4, 407, '50', 'Sports', '', ''),
(303, 4, 408, '50', 'Events', '', ''),
(304, 4, 409, '50', 'Events', '', ''),
(305, 4, 410, '50', 'Events', '', ''),
(306, 4, 414, '50', 'Events', '', ''),
(307, 4, 412, '50', 'Events', '', ''),
(308, 4, 414, '50', 'Cleaning', '', ''),
(309, 4, 414, '50', 'Cleaning', '', ''),
(310, 4, 415, '50', 'Cleaning', '', ''),
(311, 4, 416, '50', 'Cleaning', '', ''),
(312, 4, 417, '50', 'Cleaning', '', ''),
(313, 4, 418, '50', 'Cleaning', '', ''),
(314, 4, 419, '50', 'Cleaning', '', ''),
(315, 4, 420, '50', 'Cleaning', '', ''),
(316, 4, 424, '50', 'Cleaning', '', ''),
(317, 4, 422, '50', 'Cleaning', '', ''),
(318, 4, 424, '50', 'Events', '', ''),
(319, 4, 424, '50', 'Events', '', ''),
(320, 4, 425, '50', 'Events', '', ''),
(321, 4, 426, '50', 'Events', '', ''),
(322, 4, 427, '50', 'Events', '', ''),
(323, 4, 428, '50', 'Events', '', ''),
(324, 4, 429, '50', 'Events', '', ''),
(325, 4, 430, '50', 'Events', '', ''),
(326, 4, 434, '50', 'Events', '', ''),
(327, 4, 432, '50', 'Events', '', ''),
(328, 4, 9, '22', 'Food', '', ''),
(329, 4, 94, '22', 'Food', '', ''),
(330, 2, 94, '22', 'Food', '', ''),
(332, 2, 9, '32', 'Food', '', ''),
(333, 2, 96, '32', 'Food', '', ''),
(334, 4, 94, '44', 'Food', '', ''),
(335, 4, 96, '65', 'Food', '', ''),
(336, 4, 95, '47', 'Food', '', ''),
(337, 4, 97, '49', 'Food', '', ''),
(338, 4, 98, '50', 'Food', '', ''),
(339, 4, 99, '51', 'Food', '', ''),
(340, 4, 100, '52', 'Food', '', ''),
(351, 4, 104, '53', 'Food', '', ''),
(352, 4, 102, '54', 'Food', '', ''),
(353, 4, 104, '47', 'Sports', '', ''),
(354, 4, 104, '48', 'Sports', '', ''),
(355, 4, 105, '49', 'Sports', '', ''),
(356, 4, 106, '50', 'Sports', '', ''),
(357, 4, 134, '51', 'Events', '', ''),
(358, 4, 132, '52', 'Cleaning', '', ''),
(359, 4, 134, '53', 'Cleaning', '', ''),
(360, 4, 134, '54', 'Cleaning', '', ''),
(371, 4, 135, '47', 'Cleaning', '', ''),
(372, 4, 136, '48', 'Cleaning', '', ''),
(373, 4, 152, '49', 'Cleaning', '', ''),
(374, 4, 154, '50', 'Cleaning', '', ''),
(375, 4, 384, '50', 'Body', '', ''),
(376, 4, 382, '50', 'Body', '', ''),
(377, 4, 384, '50', 'Body', '', ''),
(378, 4, 384, '50', 'Body', '', ''),
(379, 4, 385, '50', 'Body', '', ''),
(380, 4, 386, '50', 'Body', '', ''),
(381, 4, 387, '50', 'Body', '', ''),
(382, 4, 388, '50', 'Body', '', ''),
(383, 4, 389, '50', 'Body', '', ''),
(384, 4, 390, '50', 'Sports', '', ''),
(385, 4, 394, '50', 'Sports', '', ''),
(386, 4, 392, '50', 'Sports', '', ''),
(387, 4, 394, '50', 'Sports', '', ''),
(388, 4, 394, '50', 'Sports', '', ''),
(389, 4, 395, '50', 'Sports', '', ''),
(391, 4, 396, '50', 'Events', '', ''),
(392, 4, 397, '50', 'Events', '', ''),
(393, 4, 398, '50', 'Events', '', ''),
(394, 4, 399, '50', 'Events', '', ''),
(395, 4, 400, '50', 'Events', '', ''),
(396, 4, 404, '50', 'Events', '', ''),
(397, 4, 402, '50', 'Sports', '', ''),
(398, 4, 404, '50', 'Sports', '', ''),
(399, 4, 404, '50', 'Sports', '', ''),
(400, 4, 405, '50', 'Sports', '', ''),
(401, 4, 406, '50', 'Sports', '', ''),
(402, 4, 407, '50', 'Sports', '', ''),
(403, 4, 408, '50', 'Events', '', ''),
(404, 4, 409, '50', 'Events', '', ''),
(405, 4, 410, '50', 'Events', '', ''),
(406, 4, 414, '50', 'Events', '', ''),
(407, 4, 412, '50', 'Events', '', ''),
(408, 4, 414, '50', 'Cleaning', '', ''),
(409, 4, 414, '50', 'Cleaning', '', ''),
(410, 4, 415, '50', 'Cleaning', '', ''),
(411, 4, 416, '50', 'Cleaning', '', ''),
(412, 4, 417, '50', 'Cleaning', '', ''),
(413, 4, 418, '50', 'Cleaning', '', ''),
(414, 4, 419, '50', 'Cleaning', '', ''),
(415, 4, 420, '50', 'Cleaning', '', ''),
(416, 4, 424, '50', 'Cleaning', '', ''),
(417, 4, 422, '50', 'Cleaning', '', ''),
(418, 4, 424, '50', 'Events', '', ''),
(419, 4, 424, '50', 'Events', '', ''),
(420, 4, 425, '50', 'Events', '', ''),
(421, 4, 426, '50', 'Events', '', ''),
(422, 4, 427, '50', 'Events', '', ''),
(423, 4, 428, '50', 'Events', '', ''),
(424, 4, 429, '50', 'Events', '', ''),
(425, 4, 430, '50', 'Events', '', ''),
(426, 4, 434, '50', 'Events', '', ''),
(427, 4, 432, '50', 'Events', '', ''),
(428, 5, 9, '22', 'Food', '', ''),
(429, 5, 95, '22', 'Food', '', ''),
(430, 2, 95, '22', 'Food', '', ''),
(432, 2, 9, '32', 'Food', '', ''),
(433, 2, 96, '32', 'Food', '', ''),
(434, 5, 95, '44', 'Food', '', ''),
(435, 5, 96, '65', 'Food', '', ''),
(436, 5, 95, '47', 'Food', '', ''),
(437, 5, 97, '49', 'Food', '', ''),
(438, 5, 98, '50', 'Food', '', ''),
(439, 5, 99, '51', 'Food', '', ''),
(440, 5, 100, '52', 'Food', '', ''),
(451, 5, 105, '53', 'Food', '', ''),
(452, 5, 102, '54', 'Food', '', ''),
(453, 5, 105, '47', 'Sports', '', ''),
(454, 5, 105, '48', 'Sports', '', ''),
(455, 5, 105, '49', 'Sports', '', ''),
(456, 5, 106, '50', 'Sports', '', ''),
(457, 5, 135, '51', 'Events', '', ''),
(458, 5, 132, '52', 'Cleaning', '', ''),
(459, 5, 135, '53', 'Cleaning', '', ''),
(460, 5, 135, '54', 'Cleaning', '', ''),
(471, 5, 135, '47', 'Cleaning', '', ''),
(472, 5, 136, '48', 'Cleaning', '', ''),
(473, 5, 152, '49', 'Cleaning', '', ''),
(474, 5, 155, '50', 'Cleaning', '', ''),
(475, 5, 385, '50', 'Body', '', ''),
(476, 5, 382, '50', 'Body', '', ''),
(477, 5, 385, '50', 'Body', '', ''),
(478, 5, 385, '50', 'Body', '', ''),
(479, 5, 385, '50', 'Body', '', ''),
(480, 5, 386, '50', 'Body', '', ''),
(481, 5, 387, '50', 'Body', '', ''),
(482, 5, 388, '50', 'Body', '', ''),
(483, 5, 389, '50', 'Body', '', ''),
(484, 5, 390, '50', 'Sports', '', ''),
(485, 5, 395, '50', 'Sports', '', ''),
(486, 5, 392, '50', 'Sports', '', ''),
(487, 5, 395, '50', 'Sports', '', ''),
(488, 5, 395, '50', 'Sports', '', ''),
(489, 5, 395, '50', 'Sports', '', ''),
(491, 5, 396, '50', 'Events', '', ''),
(492, 5, 397, '50', 'Events', '', ''),
(493, 5, 398, '50', 'Events', '', ''),
(494, 5, 399, '50', 'Events', '', ''),
(495, 5, 400, '50', 'Events', '', ''),
(496, 5, 405, '50', 'Events', '', ''),
(497, 5, 402, '50', 'Sports', '', ''),
(498, 5, 405, '50', 'Sports', '', ''),
(499, 5, 405, '50', 'Sports', '', ''),
(500, 5, 405, '50', 'Sports', '', ''),
(501, 5, 406, '50', 'Sports', '', ''),
(502, 5, 407, '50', 'Sports', '', ''),
(503, 5, 408, '50', 'Events', '', ''),
(504, 5, 409, '50', 'Events', '', ''),
(505, 5, 410, '50', 'Events', '', ''),
(506, 5, 415, '50', 'Events', '', ''),
(507, 5, 412, '50', 'Events', '', ''),
(508, 5, 415, '50', 'Cleaning', '', ''),
(509, 5, 415, '50', 'Cleaning', '', ''),
(510, 5, 415, '50', 'Cleaning', '', ''),
(511, 5, 416, '50', 'Cleaning', '', ''),
(512, 5, 417, '50', 'Cleaning', '', ''),
(513, 5, 418, '50', 'Cleaning', '', ''),
(514, 5, 419, '50', 'Cleaning', '', ''),
(515, 5, 420, '50', 'Cleaning', '', ''),
(516, 5, 425, '50', 'Cleaning', '', ''),
(517, 5, 422, '50', 'Cleaning', '', ''),
(518, 5, 425, '50', 'Events', '', ''),
(519, 5, 425, '50', 'Events', '', ''),
(520, 5, 425, '50', 'Events', '', ''),
(521, 5, 426, '50', 'Events', '', ''),
(522, 5, 427, '50', 'Events', '', ''),
(523, 5, 428, '50', 'Events', '', ''),
(524, 5, 429, '50', 'Events', '', ''),
(525, 5, 430, '50', 'Events', '', ''),
(526, 5, 435, '50', 'Events', '', ''),
(527, 5, 432, '50', 'Events', '', ''),
(600, 6, 405, '50', 'Sports', '', ''),
(601, 6, 406, '50', 'Sports', '', ''),
(602, 6, 407, '50', 'Sports', '', ''),
(603, 6, 408, '50', 'Events', '', ''),
(604, 6, 409, '50', 'Events', '', ''),
(605, 6, 410, '50', 'Events', '', ''),
(606, 6, 415, '50', 'Events', '', ''),
(607, 6, 412, '50', 'Events', '', ''),
(608, 6, 415, '50', 'Cleaning', '', ''),
(609, 6, 415, '50', 'Cleaning', '', ''),
(610, 6, 415, '50', 'Cleaning', '', ''),
(611, 6, 416, '50', 'Cleaning', '', ''),
(612, 6, 417, '50', 'Cleaning', '', ''),
(613, 6, 418, '50', 'Cleaning', '', ''),
(614, 6, 419, '50', 'Cleaning', '', ''),
(615, 6, 420, '50', 'Cleaning', '', ''),
(616, 6, 421, '50', 'Cleaning', '', ''),
(617, 6, 422, '50', 'Cleaning', '', ''),
(618, 6, 423, '50', 'Events', '', ''),
(619, 6, 424, '50', 'Events', '', ''),
(620, 6, 425, '50', 'Events', '', ''),
(621, 6, 426, '50', 'Events', '', ''),
(622, 6, 427, '50', 'Events', '', ''),
(623, 6, 428, '50', 'Events', '', ''),
(624, 6, 429, '50', 'Events', '', ''),
(625, 6, 430, '50', 'Events', '', ''),
(626, 6, 435, '50', 'Events', '', ''),
(627, 6, 436, '50', 'Events', '', ''),
(628, 6, 9, '22', 'Food', '', ''),
(629, 6, 95, '22', 'Food', '', ''),
(630, 6, 95, '22', 'Food', '', ''),
(632, 6, 9, '32', 'Food', '', ''),
(633, 6, 96, '32', 'Food', '', ''),
(634, 6, 95, '44', 'Food', '', ''),
(635, 6, 96, '65', 'Food', '', ''),
(636, 6, 95, '47', 'Food', '', ''),
(637, 6, 97, '49', 'Food', '', ''),
(638, 6, 98, '50', 'Food', '', ''),
(639, 6, 99, '51', 'Food', '', ''),
(640, 6, 100, '52', 'Food', '', ''),
(651, 6, 105, '53', 'Food', '', ''),
(652, 6, 102, '54', 'Food', '', ''),
(653, 6, 105, '47', 'Sports', '', ''),
(654, 6, 105, '48', 'Sports', '', ''),
(655, 6, 105, '49', 'Sports', '', ''),
(656, 6, 106, '50', 'Sports', '', ''),
(657, 6, 135, '51', 'Events', '', ''),
(658, 6, 132, '52', 'Cleaning', '', ''),
(659, 6, 135, '53', 'Cleaning', '', ''),
(660, 6, 135, '54', 'Cleaning', '', ''),
(671, 6, 135, '47', 'Cleaning', '', ''),
(672, 6, 136, '48', 'Cleaning', '', ''),
(673, 6, 152, '49', 'Cleaning', '', ''),
(674, 6, 155, '50', 'Cleaning', '', ''),
(675, 6, 381, '50', 'Body', '', ''),
(676, 6, 382, '50', 'Body', '', ''),
(677, 6, 383, '50', 'Body', '', ''),
(678, 6, 384, '50', 'Body', '', ''),
(679, 6, 385, '50', 'Body', '', ''),
(680, 6, 386, '50', 'Body', '', ''),
(681, 6, 387, '50', 'Body', '', ''),
(682, 6, 388, '50', 'Body', '', ''),
(683, 6, 389, '50', 'Body', '', ''),
(684, 6, 390, '50', 'Sports', '', ''),
(685, 6, 391, '50', 'Sports', '', ''),
(686, 6, 392, '50', 'Sports', '', ''),
(687, 6, 393, '50', 'Sports', '', ''),
(688, 6, 394, '50', 'Sports', '', ''),
(689, 6, 395, '50', 'Sports', '', ''),
(691, 6, 396, '50', 'Events', '', ''),
(692, 6, 397, '50', 'Events', '', ''),
(693, 6, 398, '50', 'Events', '', ''),
(694, 6, 399, '50', 'Events', '', ''),
(695, 6, 400, '50', 'Events', '', ''),
(696, 6, 401, '50', 'Events', '', ''),
(697, 6, 402, '50', 'Sports', '', ''),
(698, 6, 403, '50', 'Sports', '', ''),
(699, 6, 404, '50', 'Sports', '', '');

-- --------------------------------------------------------

--
-- Table structure for table `tbl_area_of_services`
--

CREATE TABLE `tbl_area_of_services` (
  `area_id` int(11) NOT NULL,
  `location` varchar(100) NOT NULL,
  `area` varchar(100) NOT NULL,
  `longitude` varchar(100) NOT NULL,
  `latitude` varchar(100) NOT NULL,
  `id` int(11) NOT NULL,
  `shop_name` varchar(100) NOT NULL
) ENGINE=InnoDB DEFAULT CHARSET=latin1;

--
-- Dumping data for table `tbl_area_of_services`
--

INSERT INTO `tbl_area_of_services` (`area_id`, `location`, `area`, `longitude`, `latitude`, `id`, `shop_name`) VALUES
(1, 'Indore', 'New Palasia, Indore, Madhya Pradesh 452001, India', '75.857608', '22.719719', 1, 'Apna Sweet'),
(166, 'InWizards Incorporation', '603, Airen Heights, Agra Bombay Rd, Behind Pakija Mall, Vijay Nagar, Indore, Madhya Pradesh 452010, ', '75.857608', '22.719719', 1, 'Apna Sweet'),
(167, 'Palo Alto', 'Palo Alto, CA, USA', '75.857608', '22.719719', 1, 'Apna Sweet'),
(169, 'Vijay Nagar', 'Vijay Nagar, Indore, Madhya Pradesh 452010, India', '75.8936962', '22.753284800000003', 1, 'Apna Sweet'),
(170, 'Santa Clara', 'Santa Clara, CA, USA', '75.857608', '22.719719', 2, 'JMB'),
(174, 'Vijay Nagar', 'Vijay Nagar, Indore, Madhya Pradesh 452010, India', '75.857608', '22.719719', 2, 'JMB'),
(175, 'New Palasia', 'New Palasia, Indore, Madhya Pradesh 452001, India', '75.8838944', '22.719719', 2, 'JMB'),
(192, 'Vijay Nagar', 'Vijay Nagar, Indore, Madhya Pradesh 452010, India', '75.857608', '22.719719', 5, 'Ankit Store'),
(193, 'LIG Colony', 'LIG Colony, Indore, Madhya Pradesh, India', '75.857608', '22.719719', 5, 'Ankit Store'),
(194, 'New Palasia', 'New Palasia, Indore, Madhya Pradesh 452001, India', '75.857608', '22.719719', 5, 'Ankit Store'),
(195, 'Apollo Tower', 'Apollo Tower, Mahatma Gandhi Rd, South Tukoganj, Indore, Madhya Pradesh 452001, India', '75.857608', '22.719719', 5, 'Ankit Store'),
(197, 'Regal Square', 'Regal Square, South Tukoganj, Indore, Madhya Pradesh 452001', '75.857608', '22.719719', 6, 'Raverkar Store'),
(200, 'Hotel ankit', 'Airport Road, Omvihar Colony, Om Vihar, Sangam Nagar, Indore, Madhya Pradesh 452006, India', '75.857608', '22.719719', 6, 'Raverkar Store'),
(201, 'Dubai', 'Dubai - United Arab Emirates', '75.857608', '22.719719', 6, 'Raverkar Store');

-- --------------------------------------------------------

--
-- Table structure for table `tbl_booking`
--

CREATE TABLE `tbl_booking` (
  `order_id` int(11) NOT NULL,
  `shop_id` varchar(100) NOT NULL,
  `customer_id` varchar(100) NOT NULL,
  `shop_name` varchar(100) NOT NULL,
  `product_weight` varchar(100) NOT NULL,
  `product_quantity` varchar(100) NOT NULL,
  `product_id` int(11) NOT NULL,
  `product_name` varchar(500) NOT NULL,
  `product_price` varchar(100) NOT NULL,
  `delivery_type` varchar(100) NOT NULL,
  `status` int(11) NOT NULL,
  `code` varchar(100) NOT NULL
) ENGINE=InnoDB DEFAULT CHARSET=latin1;

--
-- Dumping data for table `tbl_booking`
--

INSERT INTO `tbl_booking` (`order_id`, `shop_id`, `customer_id`, `shop_name`, `product_weight`, `product_quantity`, `product_id`, `product_name`, `product_price`, `delivery_type`, `status`, `code`) VALUES
(1, '', '77', 'Apna Sweet', '1', '6', 99, 'Oatmeal Toffee Cookies', '204', 'HomeDelivery', 0, '36d275a'),
(2, '', '77', 'Ankit Store', '1', '6', 99, 'Oatmeal Toffee Cookies', '40', 'HomeDelivery', 0, 'cffd5a4'),
(8, '', '77', 'Apna Sweet', '1', '2', 7, 'Poha', '2346', 'HomeDelivery', 0, 'f46a014'),
(9, '', '77', 'Apna Sweet', '1', '2', 7, 'Poha', '2346', 'HomeDelivery', 0, 'f46a014'),
(10, '', '77', 'Apna Sweet', '1', '2', 7, 'Poha', '2346', 'HomeDelivery', 0, 'f46a014'),
(11, '', '77', 'Apna Sweet', '1', '5', 98, 'Oatmeal Crisp', '204', 'HomeDelivery', 0, '355e92d'),
(12, '', '77', 'Ankit Store', '1', '5', 93, 'Aata', '540', 'HomeDelivery', 0, '461c73f'),
(13, '', '77', 'Apna Sweet', '', '5', 98, 'Oatmeal Crisp', '204', '', 0, '47dd539'),
(14, '', '77', 'Dhanajay Store', '', '5', 98, 'Oatmeal Crisp', '40', '', 0, '47dd539'),
(15, '', '77', 'Ankit Store', '', '5', 98, 'Oatmeal Crisp', '40', '', 0, '47dd539'),
(16, '', '77', 'Apna Sweet', '', '5', 98, 'Oatmeal Crisp', '204', '', 0, '47dd539'),
(17, '', '77', 'Ankit Store', '', '5', 98, 'Oatmeal Crisp', '40', '', 0, '47dd539'),
(18, '', '77', 'Apna Sweet', '', '5', 98, 'Oatmeal Crisp', '204', '', 0, '2459f97'),
(19, '', '77', 'Ankit Store', '', '5', 98, 'Oatmeal Crisp', '40', '', 0, '2459f97'),
(20, '', '77', 'Apna Sweet', '', '5', 98, 'Oatmeal Crisp', '204', '', 0, '95e2fd4'),
(21, '', '77', 'Apna Sweet', '', '5', 98, 'Oatmeal Crisp', '204', '', 0, 'a9a5d7e'),
(22, '', '77', 'Apna Sweet', '', '5', 98, 'Oatmeal Crisp', '204', '', 0, '7595364'),
(23, '', '77', 'Apna Sweet', '', '5', 98, 'Oatmeal Crisp', '204', '', 0, '080fce8'),
(24, '', '77', 'Ankit Store', '', '1', 102, 'Cracklin Oat Bran', '40', '', 0, '080fce8'),
(25, '', '77', 'Apna Sweet', '', '5', 98, 'Oatmeal Crisp', '204', '', 0, 'c4a6ebe'),
(26, '', '77', 'Ankit Store', '', '1', 102, 'Cracklin Oat Bran', '40', '', 0, 'c4a6ebe'),
(27, '', '77', 'Apna Sweet', '', '5', 98, 'Oatmeal Crisp', '204', '', 0, 'ad78def'),
(28, '', '77', 'Ankit Store', '', '1', 102, 'Cracklin Oat Bran', '40', '', 0, 'ad78def'),
(29, '', '77', 'Apna Sweet', '', '1', 102, 'Cracklin Oat Bran', '204', '', 0, 'ad78def'),
(30, '', '77', 'Ankit Store', '1', '1', 95, 'Oat Milk', '40', 'HomeDelivery', 0, '7c88565'),
(31, '', '77', 'Apna Sweet', '', '1', 102, 'Cracklin Oat Bran', '204', '', 0, 'a1097f3'),
(32, '', '77', 'Apna Sweet', '', '1', 102, 'Cracklin Oat Bran', '204', '', 0, 'f431db8'),
(33, '', '77', 'Ankit Store', '', '1', 102, 'Cracklin Oat Bran', '40', '', 0, 'f431db8'),
(34, '', '77', 'Ankit Store', '1', '5', 93, 'Aata', '540', 'HomeDelivery', 0, '916349c'),
(35, '', '77', 'Arun Store', '1', '5', 93, 'Aata', '160', 'HomeDelivery', 0, '900bc7b'),
(36, '', '77', 'Soumya', '1', '5', 93, 'Aata', '160', 'HomeDelivery', 0, '900bc7b'),
(37, '', '77', 'Raverkar Store', '1', '5', 93, 'Aata', '120', 'HomeDelivery', 0, '900bc7b'),
(38, '', '77', 'Jitendra Store', '1', '5', 93, 'Aata', '160', 'HomeDelivery', 0, '900bc7b'),
(39, '', '77', 'Ankit Store', '1', '12', 9, 'Rawa', '40', 'HomeDelivery', 0, 'b9f6bfd'),
(40, '', '77', 'Arun Store', '1', '12', 9, 'Rawa', '160', 'HomeDelivery', 0, 'b9f6bfd'),
(41, '', '77', 'Soumya', '1', '12', 9, 'Rawa', '160', 'HomeDelivery', 0, 'b9f6bfd'),
(42, '', '77', 'Apna Sweet', '1', '3', 96, 'Oatmeal Cookie', '204', 'HomeDelivery', 0, 'e71bc41'),
(43, '', '77', 'Soumya', '1', '3', 96, 'Oatmeal Cookie', '1780', 'HomeDelivery', 0, 'e71bc41'),
(44, '', '77', 'Ankit Store', '1', '3', 96, 'Oatmeal Cookie', '40', 'HomeDelivery', 0, 'e71bc41'),
(45, '', '77', 'Apna Sweet', '1', '5', 381, 'multani mitti', '1224', 'HomeDelivery', 0, 'e6679b4'),
(46, '', '77', 'Arun Store', '1', '5', 381, 'multani mitti', '960', 'HomeDelivery', 0, 'e6679b4'),
(47, '', '77', 'Raverkar Store', '1', '5', 381, 'multani mitti', '7200', 'HomeDelivery', 0, 'e6679b4'),
(48, '', '77', 'Ankit Store', '1', '1', 97, 'Oatmeal', '20', 'HomeDelivery', 0, '8de7538'),
(49, '', '77', 'Arun Store', '1', '1', 97, 'Oatmeal', '80', 'HomeDelivery', 0, '8de7538'),
(50, '', '77', 'Raverkar Store', '1', '1', 97, 'Oatmeal', '600', 'HomeDelivery', 0, '8de7538'),
(51, '', '77', 'Neha Store', '1', '1', 97, 'Oatmeal', '2790', 'HomeDelivery', 0, '1f5b5d8'),
(52, '', '77', 'Soumya Store', '1', '1', 97, 'Oatmeal', '2790', 'HomeDelivery', 0, '1f5b5d8'),
(53, '', '77', 'Atul Store', '1', '1', 97, 'Oatmeal', '2790', 'HomeDelivery', 0, '1f5b5d8'),
(54, '', '77', 'Devil Store', '1', '1', 97, 'Oatmeal', '2790', 'HomeDelivery', 0, '1f5b5d8'),
(55, '', '77', 'Neha Store', '1', '1', 97, 'Oatmeal', '2790', 'HomeDelivery', 0, '1f5b5d8'),
(56, '', '77', 'Apna Sweet', '1', '1', 102, 'Cracklin Oat Bran', '204', 'HomeDelivery', 0, 'c94d4b7'),
(57, '', '77', 'Ankit Store', '', '5', 98, 'Oatmeal Crisp', '40', '', 0, '61f2503'),
(58, '', '77', 'Devil Store', '', '5', 98, 'Oatmeal Crisp', '5580', '', 0, 'b2b218b'),
(59, '', '77', 'Devil Store', '', '5', 98, 'Oatmeal Crisp', '5580', '', 0, '25a899f'),
(60, '', '77', 'Apna Sweet', '1', '1', 95, 'Oat Milk', '204', 'HomeDelivery', 0, '63040a3'),
(61, '', '77', 'Apna Sweet', '', '5', 98, 'Oatmeal Crisp', '204', '', 0, 'fa5c55c'),
(62, '', '77', 'Apna Sweet', '', '5', 98, 'Oatmeal Crisp', '204', '', 0, 'da765c6'),
(63, '', '77', 'Soumya', '', '4', 94, 'Mida', '800', '', 0, 'ddface6'),
(64, '', '77', 'Arun Store', '', '4', 94, 'Mida', '800', '', 0, 'ddface6'),
(65, '', '77', 'Ankit Store', '', '5', 93, 'Aata', '540', '', 0, '2987e16'),
(66, '', '77', 'Apna Sweet', '', '5', 98, 'Oatmeal Crisp', '204', '', 0, 'd7269d0'),
(67, '', '77', 'Raverkar Store', '1', '4', 382, 'Cottan', '50', 'HomeDelivery', 0, '7927844'),
(68, '', '77', 'Apna Sweet', '', '1', 102, 'Cracklin Oat Bran', '204', '', 0, '8be6772'),
(69, '', '77', 'Raverkar Store', '1', '2', 98, 'Oatmeal Crisp', '50', 'HomeDelivery', 0, 'ec1ddd5'),
(70, '', '77', 'Ankit Store', '1', '2', 98, 'Oatmeal Crisp', '50', 'HomeDelivery', 0, 'ec1ddd5'),
(71, '', '77', 'JMB', '1', '2', 98, 'Oatmeal Crisp', '50', 'HomeDelivery', 0, 'ec1ddd5'),
(72, '', '77', 'Apna Sweet', '1', '2', 98, 'Oatmeal Crisp', '50', 'HomeDelivery', 0, 'ec1ddd5'),
(73, '', '77', 'Ankit Store', '1', '2', 98, 'Oatmeal Crisp', '50', 'HomeDelivery', 0, 'ec1ddd5'),
(74, '', '77', 'Ankit Store', '', '', 0, '', '50', '', 0, 'ac46903'),
(75, '', '77', 'Ankit Store', '', '', 0, 'Oatmeal Crisp', '50', '', 0, '2839e99');

-- --------------------------------------------------------

--
-- Table structure for table `tbl_chk`
--

CREATE TABLE `tbl_chk` (
  `id` int(11) NOT NULL,
  `customer_id` int(11) NOT NULL,
  `code` varchar(100) NOT NULL
) ENGINE=InnoDB DEFAULT CHARSET=latin1;

--
-- Dumping data for table `tbl_chk`
--

INSERT INTO `tbl_chk` (`id`, `customer_id`, `code`) VALUES
(1, 77, '36d275a'),
(2, 77, 'cffd5a4'),
(3, 77, 'd1738de'),
(4, 77, '9a4b13b'),
(5, 0, '4043206'),
(6, 0, '27014ca'),
(7, 0, '8403da8'),
(8, 77, '67474cb'),
(9, 77, 'f46a014'),
(10, 77, '355e92d'),
(11, 77, '461c73f'),
(12, 77, '7b298ea'),
(13, 77, '5705769'),
(14, 77, '7dd7d36'),
(15, 77, '0d0edb8'),
(16, 77, '0dddfe2'),
(17, 77, '86aa442'),
(18, 77, '355a0f3'),
(19, 77, '47dd539'),
(20, 77, '2459f97'),
(21, 77, '95e2fd4'),
(22, 77, 'a9a5d7e'),
(23, 77, '7595364'),
(24, 77, '080fce8'),
(25, 77, 'c4a6ebe'),
(26, 77, 'ad78def'),
(27, 77, '7c88565'),
(28, 77, 'a1097f3'),
(29, 77, 'f431db8'),
(30, 77, '34fd18e'),
(31, 77, 'ae20b21'),
(32, 77, '916349c'),
(33, 77, '900bc7b'),
(34, 77, '55a76ab'),
(35, 77, '3214845'),
(36, 77, '49d34a0'),
(37, 77, 'b9f6bfd'),
(38, 77, '51407b4'),
(39, 77, 'e71bc41'),
(40, 77, 'e6679b4'),
(41, 77, 'd40ac4a'),
(42, 77, '8de7538'),
(43, 77, '1f5b5d8'),
(44, 77, '75ecf23'),
(45, 77, 'c94d4b7'),
(46, 77, 'd1201d9'),
(47, 77, '61f2503'),
(48, 77, '17a17cc'),
(49, 77, '6c8b275'),
(50, 77, 'b2b218b'),
(51, 77, '25a899f'),
(52, 77, '2f89f79'),
(53, 77, '63040a3'),
(54, 77, 'ce56fd3'),
(55, 77, '8e877b8'),
(56, 77, '9ab4ecb'),
(57, 77, '4f12145'),
(58, 77, 'fa5c55c'),
(59, 77, 'da765c6'),
(60, 77, 'a7b857f'),
(61, 77, '8f4cd0e'),
(62, 77, '52191ee'),
(63, 77, 'a89ce59'),
(64, 77, '2dff720'),
(65, 77, 'ddface6'),
(66, 77, '2a2a0de'),
(67, 77, 'b813127'),
(68, 77, 'b58b468'),
(69, 77, '5d103c6'),
(70, 77, '8b35418'),
(71, 77, 'd5e13fd'),
(72, 77, 'f661b44'),
(73, 77, '0cbb5e1'),
(74, 77, '1dbdfaa'),
(75, 77, 'b6f1844'),
(76, 77, '7cd3721'),
(77, 77, 'f8df9f2'),
(78, 77, 'a998c59'),
(79, 77, '551454b'),
(80, 77, '0ef0307'),
(81, 77, '48ae913'),
(82, 77, '3b0c0da'),
(83, 77, '135d078'),
(84, 77, 'e8977af'),
(85, 77, '2b0ae1f'),
(86, 77, 'ca65338'),
(87, 77, '2987e16'),
(88, 77, 'b7345e4'),
(89, 77, 'd7269d0'),
(90, 77, '197ad97'),
(91, 77, 'd69325b'),
(92, 77, '29ee676'),
(93, 77, '8675432'),
(94, 77, '11705bc'),
(95, 77, 'afd47f8'),
(96, 77, '28197b7'),
(97, 77, '8b82135'),
(98, 77, 'b2bf1ea'),
(99, 77, '281dbe3'),
(100, 77, 'fe02664'),
(101, 77, '399e7dd'),
(102, 77, '4681655'),
(103, 77, 'dc6ddeb'),
(104, 77, 'c458244'),
(105, 77, '67ce625'),
(106, 77, '8ae6c04'),
(107, 77, 'e184530'),
(108, 77, 'e10c500'),
(109, 77, 'bb70448'),
(110, 77, 'f663c6c'),
(111, 77, 'b6e89fc'),
(112, 77, '7927844'),
(113, 77, '09efed8'),
(114, 77, 'aaeed96'),
(115, 77, 'db49fd0'),
(116, 77, '151d57f'),
(117, 77, '0468b6e'),
(118, 77, 'e250ad8'),
(119, 77, 'b964fde'),
(120, 77, 'b19cbb0'),
(121, 77, '536c591'),
(122, 77, 'dd13818'),
(123, 77, '8be6772'),
(124, 77, '2e9b59a'),
(125, 77, '987fe1e'),
(126, 77, '5ebc863'),
(127, 77, 'ec01150'),
(128, 77, '2c2c7eb'),
(129, 77, '68ff136'),
(130, 77, 'cc52833'),
(131, 77, '4777304'),
(132, 77, 'abdf97b'),
(133, 77, '323d338'),
(134, 77, 'b089168'),
(135, 77, '8f77b30'),
(136, 77, '2f56222'),
(137, 77, 'cf73ba0'),
(138, 77, '70b9370'),
(139, 77, 'd0966cd'),
(140, 77, '478f2b3'),
(141, 77, '69417ef'),
(142, 77, '4a37801'),
(143, 77, 'c31157f'),
(144, 77, 'c58b0ec'),
(145, 77, '3b2a736'),
(146, 77, '4bc3497'),
(147, 77, 'b912460'),
(148, 77, '18d0fd3'),
(149, 77, '4328f75'),
(150, 77, '6a9c8f2'),
(151, 77, 'e1da551'),
(152, 77, 'ebfb1db'),
(153, 77, 'd775142'),
(154, 77, '6f20459'),
(155, 77, 'a6562ce'),
(156, 77, '5b70976'),
(157, 77, 'e017dbc'),
(158, 77, 'aafb9ea'),
(159, 77, '0e77e0c'),
(160, 77, 'dfa0658'),
(161, 77, 'b61d816'),
(162, 77, 'be8bdde'),
(163, 77, '075e87b'),
(164, 77, 'bdded39'),
(165, 77, '5044e08'),
(166, 77, '7af52f4'),
(167, 77, 'cd7c471'),
(168, 77, 'a68e5a6'),
(169, 77, 'c8d6743'),
(170, 77, '9001898'),
(171, 77, '9d295e6'),
(172, 77, '777e2c9'),
(173, 77, 'df43037'),
(174, 77, 'd62309e'),
(175, 77, 'e8515e8'),
(176, 77, '39d00c6'),
(177, 77, '9de7031'),
(178, 77, 'b24dc9d'),
(179, 77, 'ef84344'),
(180, 77, 'bcfcdfa'),
(181, 77, '03e2797'),
(182, 77, '4c3023b'),
(183, 77, '18029e1'),
(184, 77, 'b658a33'),
(185, 77, '635ed49'),
(186, 77, '98ab32b'),
(187, 77, '87ce0af'),
(188, 77, 'febd8e9'),
(189, 77, 'ac6ac03'),
(190, 77, 'd10a3ef'),
(191, 77, 'd456a7f'),
(192, 77, 'd31eeb2'),
(193, 77, '3c66e09'),
(194, 77, '14282f4'),
(195, 77, '136e2d7'),
(196, 77, '20bc163'),
(197, 77, '9b221cf'),
(198, 77, '5405eaa'),
(199, 77, 'fb6e287'),
(200, 77, '3f11d2c'),
(201, 77, 'ce21fa1'),
(202, 77, '5d67cab'),
(203, 77, '654145f'),
(204, 77, 'a2a41b7'),
(205, 77, '159d97d'),
(206, 77, 'f844ec4'),
(207, 77, 'ec1ddd5'),
(208, 77, 'a360631'),
(209, 77, '0063929'),
(210, 77, '63386ca'),
(211, 77, 'ff46770'),
(212, 77, '6dec1de'),
(213, 77, '9ad930b'),
(214, 77, '0b95a20'),
(215, 77, '0881816'),
(216, 77, '4623882'),
(217, 77, 'ac46903'),
(218, 77, 'e3ee74d'),
(219, 77, '8632b6c'),
(220, 77, '2e330da'),
(221, 77, '2839e99');

-- --------------------------------------------------------

--
-- Table structure for table `tbl_comments`
--

CREATE TABLE `tbl_comments` (
  `comment_id` int(11) NOT NULL,
  `id` int(11) NOT NULL,
  `comments` text NOT NULL
) ENGINE=InnoDB DEFAULT CHARSET=latin1;

--
-- Dumping data for table `tbl_comments`
--

INSERT INTO `tbl_comments` (`comment_id`, `id`, `comments`) VALUES
(1, 1, 'This is very funny '),
(2, 2, 'Very good experience from your side keep it up'),
(3, 22, 'This is very funny '),
(4, 77, 'Very good experience from your side keep it up');

-- --------------------------------------------------------

--
-- Table structure for table `tbl_customer_login`
--

CREATE TABLE `tbl_customer_login` (
  `customer_id` int(11) NOT NULL,
  `first_name` varchar(100) NOT NULL,
  `middle_name` varchar(100) NOT NULL,
  `last_name` varchar(100) NOT NULL,
  `task` varchar(100) NOT NULL,
  `product_name` varchar(100) NOT NULL,
  `product_quantity` varchar(100) NOT NULL,
  `address` varchar(100) NOT NULL,
  `mobile_no` varchar(100) NOT NULL,
  `email` varchar(100) NOT NULL,
  `password` varchar(100) NOT NULL,
  `otp_no` varchar(100) NOT NULL,
  `status` varchar(100) NOT NULL,
  `photo` varchar(100) NOT NULL,
  `date` varchar(100) CHARACTER SET latin1 COLLATE latin1_bin NOT NULL,
  `time` varchar(100) NOT NULL,
  `delivery_date` varchar(100) NOT NULL
) ENGINE=InnoDB DEFAULT CHARSET=latin1;

--
-- Dumping data for table `tbl_customer_login`
--

INSERT INTO `tbl_customer_login` (`customer_id`, `first_name`, `middle_name`, `last_name`, `task`, `product_name`, `product_quantity`, `address`, `mobile_no`, `email`, `password`, `otp_no`, `status`, `photo`, `date`, `time`, `delivery_date`) VALUES
(1, 'Amey', 'Kumar', 'Raverkar', 'Food', 'POha', '100', '31 Vijay Nagar', '97548450465', 'aamey.raverkar@gmail.com', '9754845046', '444', 'Approved', 'oo', '11-12-2016', '10:00 AM', '11-12-2016');

-- --------------------------------------------------------

--
-- Table structure for table `tbl_delivery_detail`
--

CREATE TABLE `tbl_delivery_detail` (
  `delivery_id` int(11) NOT NULL,
  `cutomer_id` int(11) NOT NULL,
  `customer_name` varchar(100) NOT NULL,
  `customer_address` varchar(100) NOT NULL,
  `delivery_date` varchar(100) NOT NULL,
  `list_of_product` varchar(100) NOT NULL,
  `package_no` varchar(100) NOT NULL
) ENGINE=InnoDB DEFAULT CHARSET=latin1;

--
-- Dumping data for table `tbl_delivery_detail`
--

INSERT INTO `tbl_delivery_detail` (`delivery_id`, `cutomer_id`, `customer_name`, `customer_address`, `delivery_date`, `list_of_product`, `package_no`) VALUES
(1, 0, 'customer_name', 'customer_address', 'customer_address', '0', '0'),
(2, 0, 'customer_name', 'customer_address', 'customer_address', '0', '0'),
(3, 0, 'customer_name', 'customer_address', 'customer_address', '0', '0'),
(4, 0, 'customer_name', 'customer_address', 'customer_address', '0', '0'),
(5, 0, 'customer_name', 'customer_address', 'customer_address', '0', '0'),
(6, 0, 'customer_name', 'customer_address', 'customer_address', '0', '0');

-- --------------------------------------------------------

--
-- Table structure for table `tbl_forum`
--

CREATE TABLE `tbl_forum` (
  `forum_id` int(11) NOT NULL,
  `id` int(11) NOT NULL,
  `category` varchar(100) NOT NULL,
  `title` varchar(100) NOT NULL,
  `story` varchar(100) NOT NULL,
  `comments` varchar(100) NOT NULL,
  `date` varchar(100) NOT NULL
) ENGINE=InnoDB DEFAULT CHARSET=latin1;

--
-- Dumping data for table `tbl_forum`
--

INSERT INTO `tbl_forum` (`forum_id`, `id`, `category`, `title`, `story`, `comments`, `date`) VALUES
(1, 1, 'Food', 'Title of deash', 'food', 'lunch', '2017-02-02'),
(2, 2, 'Food', 'Title of deash', 'food', 'lunch', '2017-02-02'),
(3, 22, 'Body', 'Title of deash', 'food', 'lunch', '2017-02-02'),
(4, 62, 'Body', 'Title of deash', 'food', 'lunch', '2017-02-02'),
(5, 77, 'Body', 'Title of story1', 'Description of the story', '0', '2017-02-02'),
(7, 77, 'Events', 'yy6', 'f', '0', '2017-04-12 21:10:17'),
(8, 77, 'Events', '0', 'Aloo poha recipe or potato poha recipe with step by step photos – we used to simply call this dish p', '0', '2017-04-12 21:14:14'),
(9, 77, 'Events', 'ficc', 'Aloo poha recipe or potato poha recipe with step by step photos – we used to simply call this dish p', '0', '2017-04-12 21:16:49'),
(10, 77, 'Events', '0', 'Aloo poha recipe or potato poha recipe with step by step photos – we used to simply call this dish p', '0', '2017-04-12 21:16:59'),
(11, 77, 'Food', '0', 'f', '0', '2017-04-12 21:17:01'),
(12, 77, 'Food', '0', 'Aloo poha recipe or potato poha recipe with step by step photos – we used to simply call this dish p', '0', '2017-04-12 21:18:30'),
(13, 77, 'Food', '0', 'Aloo poha recipe or potato poha recipe with step by step photos – we used to simply call this dish p', '0', '2017-04-12 21:18:32'),
(14, 77, 'Food', '0', 'Aloo poha recipe or potato poha recipe with step by step photos – we used to simply call this dish p', '0', '2017-04-12 21:18:37'),
(15, 77, 'Food', '0', 'l', '0', '2017-04-12 21:19:31'),
(16, 77, 'Cleaning', 'yy6', 'uuù', '0', '2017-04-12 21:29:44'),
(17, 77, 'Cleaning', 'fghhj', 'ffggh', '0', '2017-04-13 10:35:10'),
(18, 77, 'Cleaning', 'fghhj', 'ffgghj', '0', '2017-04-13 10:43:27'),
(19, 77, 'Cleaning', 'sports is must in humen life', 'some times we feel there are so many thing that can be happend in our daily life but it can be ', '0', '2017-04-13 11:16:12'),
(20, 77, 'Events', 'events', 'ebdhfgkggkfjf', '0', '2017-04-13 11:19:47'),
(21, 77, 'Food', 'harsh m', 'dufffig', '0', '2017-04-13 12:07:51'),
(22, 77, 'Food', 'dev', 'fhfffifkvvfjccjddbxbz.ztztnzzfnz', '0', '2017-04-13 12:09:06'),
(23, 77, 'Food', 'harsh m', 'rhfjfffkgmgmfffdjdjdjrr', '0', '2017-04-14 11:12:07'),
(24, 77, 'Events', 'jjjh', 'hhhh', '0', '2017-04-14 06:46:13'),
(25, 77, 'Sports', '(params.title)?params.title:false', '(params.story)?params.story:false', '0', '(params.date)?params.date:false'),
(26, 77, 'Sports', '(params.title)?params.title:false', '(params.story)?params.story:false', '0', '(params.date)?params.date:false'),
(27, 77, 'Sports', '(params.title)?params.title:false', '(params.story)?params.story:false', '0', '(params.date)?params.date:false'),
(28, 77, 'Sports', '(params.title)?params.title:false', '(params.story)?params.story:false', '0', '(params.date)?params.date:false'),
(29, 77, 'Food', '(params.title)?params.title:false', '(params.story)?params.story:false', '0', '(params.date)?params.date:false'),
(30, 77, 'Food', 'Title of story', 'complete story', '0', '2017-04-12 21:10:17'),
(31, 77, 'Food', 'Title of story', 'complete story', '0', '2017-04-12 21:10:17'),
(32, 77, 'Food', 'Title of story', 'complete story', '0', '2017-04-12 21:10:17'),
(33, 77, '0', '0', '0', '0', '2017-04-12 21:10:17'),
(34, 77, 'Food', 'asdasadsdsad', 'sdadsadsad', '0', '2017-04-12 21:10:17'),
(35, 77, 'Food', 'asdsdsd', 'adsdsad', '0', '2017-04-12 21:10:17'),
(36, 77, 'Food', 'asdsddsads', 'dsdsad', '0', '2017-04-12 21:10:17'),
(37, 77, 'Food', 'sdfdfdff', 'nbbmnmnmnmnvbmbnmbnvmnmnmn', '0', '2017-04-12 21:10:17'),
(38, 77, 'Food', 'asdsdsd', 'sdadasdasd', '0', '2017-04-12 21:10:17'),
(39, 77, 'Food', 'Title of story', 'complete story', '0', '2017-04-12 21:10:17'),
(40, 77, 'Food', 'dfdsfdfdffdf', 'dfsfdfsdf', '0', '0'),
(41, 77, 'Cleaning', 'dsfdsfdfsfdsf', 'dsfdfdsfdf', '0', '0'),
(42, 77, 'Sports', 'asdsdfdsffsdf', 'dsfsdfdsfdsf', '0', '0'),
(43, 77, 'Body', 'sxxxcxx', 'ascffsd', '0', '0'),
(44, 77, 'Body', '0', '0', '0', '0'),
(45, 77, 'Food', 'qwrrrr', 'lkjjjcffssaa', '0', '0'),
(46, 77, 'Food', 'Adolfo''s', 'skdididk', '0', '0'),
(47, 77, 'Food', 'Optional(<CNSUser.RSFloatInputView: 0x7fe161e569d0; frame = (3 85; 408 57); autoresize = W+BM; gestu', 'Optional(<CNSUser.RSFloatInputView: 0x7fe161e588e0; frame = (1 189.667; 408 130.333); autoresize = W', '0', '0'),
(48, 77, 'Food', '<CNSUser.RSFloatInputView: 0x7fb8694855c0; frame = (3 85; 408 57); autoresize = W+BM; gestureRecogni', '<CNSUser.RSFloatInputView: 0x7fb869489c50; frame = (1 189.667; 408 130.333); autoresize = W+TM+H+BM;', '0', '0'),
(49, 77, 'Food', '<UITextField: 0x7f8c87445c10; frame = (16 28.335; 376 20.64); text = ''Assessed''; opaque = NO; tintCo', '<UITextField: 0x7f8c87434bf0; frame = (16 65.0017; 376 20.64); text = ''Dssadsadasdsdsds''; opaque = N', '0', '0'),
(50, 77, 'Food', 'dsdsadsad', 'assessed', '0', '0');

-- --------------------------------------------------------

--
-- Table structure for table `tbl_list_of_all_products`
--

CREATE TABLE `tbl_list_of_all_products` (
  `product_id` int(11) NOT NULL,
  `product_name` varchar(100) NOT NULL,
  `product_description` text NOT NULL,
  `product_image` varchar(500) NOT NULL,
  `admin_id` int(11) NOT NULL,
  `shop_name` varchar(100) NOT NULL,
  `product_quantity` varchar(100) NOT NULL,
  `product_price` varchar(100) NOT NULL,
  `task_type` varchar(100) NOT NULL,
  `price_details` text NOT NULL,
  `unit` varchar(500) NOT NULL
) ENGINE=InnoDB DEFAULT CHARSET=latin1;

--
-- Dumping data for table `tbl_list_of_all_products`
--

INSERT INTO `tbl_list_of_all_products` (`product_id`, `product_name`, `product_description`, `product_image`, `admin_id`, `shop_name`, `product_quantity`, `product_price`, `task_type`, `price_details`, `unit`) VALUES
(7, 'Poha', 'roast the peanuts till they become crunchy and keep aside. pick 1.5 cups poha. ... sprinkle ½ tsp turmeric powder, 1 tsp sugar and salt (as required) in the poha. gently mix with your hands. heat 2 tbsp oil in a pan or kadai.', 'http://192.168.1.55:3010/images/poha.jpg', 1, '', '2 Unit', '545', 'Food', '[{"shop_name":"Apna Sweet","price":102},{"shop_name":"Ankit Store","price":20},{"shop_name":"Dhanajay Store","price":20},{"shop_name":"Arun Store","price":80},{"shop_name":"Soumya","price":890},{"shop_name":"Raverkar Store","price":600},{"shop_name":"Soumya Store","price":2790},{"shop_name":"Atul Store","price":2790},{"shop_name":"Devil Store","price":2790},{"shop_name":"Neha Store","price":2790},{"shop_name":"Jitendra Store","price":880}]', 'KG'),
(8, 'Ghee', 'Soak rice for at least 20 minutes. Heat a pressure cooker or a pan with ghee. ... To the same pan, add onions and fry till golden to make the barista. ... Add little more ghee and add in bay leaf, 1 star anise, 4 to 6 cloves, small cinnamon stick and a strand of mace.', 'http://192.168.1.55:3010/images/ghee.jpg', 1, '', '2 Unit', '21', 'Food', '[{"shop_name":"Ankit Store","price":20},{"shop_name":"Dhanajay Store","price":92},{"shop_name":"Arun Store","price":80},{"shop_name":"Soumya","price":800},{"shop_name":"Raverkar Store","price":60},{"shop_name":"Jitendra Store","price":80}]', 'KG'),
(9, 'Rawa', 'Dry roast rava in a pan until golden brown. Then remove from flame and soak in 1 cup water for 1 hour. Heat oil in a deep pan till it becomes hot. Mix besan and remaining ingredients, then add the soaked rava. Mix well, and add water to make pakoda batter.', 'http://192.168.1.55:3010/images/rawa.jpg', 1, ',21,21,21', 'How to make poha', '1', 'Food', '[{"shop_name":"Ankit Store","price":20},{"shop_name":"Dhanajay Store","price":28},{"shop_name":"Arun Store","price":80},{"shop_name":"Soumya","price":80},{"shop_name":"Raverkar Store","price":60},{"shop_name":"Jitendra Store","price":80},{"shop_name":"Shop_name","price":22},{"shop_name":"Shop_name","price":22},{"shop_name":"Shop_name","price":22}]', 'KG'),
(93, 'Aata', 'take 1 cup whole wheat flour and 1/4 cup rice flour in a mixing bowl. add onions and all the following herbs+spices including lemon juice and salt. then add 2.5 cups water or as required. ... mix very well. ... cover the bowl and let the batter rest for 30 to 40 minutes.', 'http://192.168.1.55:3010/images/aata.jpg', 1, '2,3', '11', '11', 'Food', '[{"shop_name":"Ankit Store","price":270},{"shop_name":"Dhanajay Store","price":20},{"shop_name":"Arun Store","price":80},{"shop_name":"Soumya","price":80},{"shop_name":"Raverkar Store","price":60},{"shop_name":"Jitendra Store","price":80}]', 'KG'),
(94, 'Mida', 'Add honey at the end of the boil after you turn off the heat. Let stand for 5 minutes to sanitize the honey. Strain out the hops, add wort to two gallons cool water in a sanitary fermenter, then add the Muscat concentrate and top off to 5.5 gallons. Cool the wort to 80º F, aerate the beer and pitch your yeast.', 'http://192.168.1.55:3010/images/mida.jpg', 1, '2,3', '11', '11', 'Food', '[{"shop_name":"Ankit Store","price":270},{"shop_name":"Dhanajay Store","price":270},{"shop_name":"Arun Store","price":800},{"shop_name":"Soumya","price":800},{"shop_name":"Raverkar Store","price":60},{"shop_name":"Jitendra Store","price":80}]', 'KG'),
(95, 'Oat Milk', 'Pour the oats, water and any optional ingredients into your blender and blend on high until smooth.* Strain the oat milk by pouring it through a nut milk bag (or cheese cloth) into a pitcher or bowl. Use your hands to squeeze the milk out of your nut milk bag. ... Store your oat milk in the refrigerator for 2-3 day', 'http://192.168.1.55:3010/images/OatMilk.jpg', 1, '2,3', '', '11', 'Food', '[{"shop_name":"Apna Sweet","price":102},{"shop_name":"Ankit Store","price":20},{"shop_name":"Dhanajay Store","price":20},{"shop_name":"Arun Store","price":80},{"shop_name":"Soumya","price":890},{"shop_name":"Raverkar Store","price":600},{"shop_name":"Soumya Store","price":2790},{"shop_name":"Atul Store","price":2790},{"shop_name":"Devil Store","price":2790},{"shop_name":"Neha Store","price":2790},{"shop_name":"Jitendra Store","price":880}]', 'LITERS'),
(96, 'Oatmeal Cookie', 'In a medium bowl, cream together butter, white sugar, and brown sugar. Beat in eggs one at a time, then stir in vanilla. Combine flour, baking soda, salt, and cinnamon; stir into the creamed mixture. Mix in oats.', 'http://192.168.1.55:3010/images/OatmealCookie.jpg', 1, '2,3', '', '7', 'Food', '[{"shop_name":"Apna Sweet","price":102},{"shop_name":"Ankit Store","price":20},{"shop_name":"Dhanajay Store","price":20},{"shop_name":"Arun Store","price":80},{"shop_name":"Soumya","price":890},{"shop_name":"Raverkar Store","price":600},{"shop_name":"Soumya Store","price":2790},{"shop_name":"Atul Store","price":2790},{"shop_name":"Devil Store","price":2790},{"shop_name":"Neha Store","price":2790},{"shop_name":"Jitendra Store","price":880}]', 'POUND'),
(97, 'Oatmeal', '1 1/2 cups whole milk, plus extra for serving. 1 1/2 cups quick-cooking (not instant) oatmeal. 1/2 teaspoon kosher salt. 1 banana, sliced. 1/2 cup dried cherries. 1/2 cup golden raisins. Pure maple syrup or brown sugar, for serv', 'http://192.168.1.55:3010/images/Oatmeal.jpg', 1, '2,3', '', '33', 'Food', '[{"shop_name":"Apna Sweet","price":102},{"shop_name":"Ankit Store","price":20},{"shop_name":"Dhanajay Store","price":20},{"shop_name":"Arun Store","price":80},{"shop_name":"Soumya","price":890},{"shop_name":"Raverkar Store","price":600},{"shop_name":"Soumya Store","price":2790},{"shop_name":"Atul Store","price":2790},{"shop_name":"Devil Store","price":2790},{"shop_name":"Neha Store","price":2790},{"shop_name":"Jitendra Store","price":880}]', 'KG'),
(98, 'Oatmeal Crisp', 'Preheat oven to 350 degrees F (175 degrees C). Lightly grease an 8-inch square pan. In a large bowl, combine brown sugar, oats, flour and butter. Mix until crumbly. Place half of crumb mixture in pan. ... Bake in the preheated oven for 40 to 45 minutes, or until golden brown.', 'http://192.168.1.55:3010/images/OatmealCrisp.jpg', 1, '', '', '33', 'Food', '[{"shop_name":"Apna Sweet","price":102},{"shop_name":"Ankit Store","price":20},{"shop_name":"Dhanajay Store","price":20},{"shop_name":"Arun Store","price":80},{"shop_name":"Soumya","price":890},{"shop_name":"Raverkar Store","price":600},{"shop_name":"Soumya Store","price":2790},{"shop_name":"Atul Store","price":2790},{"shop_name":"Devil Store","price":2790},{"shop_name":"Neha Store","price":2790},{"shop_name":"Jitendra Store","price":880}]', 'POUND'),
(99, 'Oatmeal Toffee Cookies', 'Sift together the flour, salt and baking soda, stir into the creamed mixture. Then stir in the rolled oats. Finally, stir in the pecans chopped candy bar pieces. Drop dough by rounded tablespoons onto the prepared cookie sheets, and flatten slightly.', 'http://192.168.1.55:3010/images/OatmealToffeeCookies.jpg', 1, '2,3', '', '33', 'Food', '[{"shop_name":"Apna Sweet","price":102},{"shop_name":"Ankit Store","price":20},{"shop_name":"Dhanajay Store","price":20},{"shop_name":"Arun Store","price":80},{"shop_name":"Soumya","price":890},{"shop_name":"Raverkar Store","price":600},{"shop_name":"Soumya Store","price":2790},{"shop_name":"Atul Store","price":2790},{"shop_name":"Devil Store","price":2790},{"shop_name":"Neha Store","price":2790},{"shop_name":"Jitendra Store","price":880}]', 'POUND'),
(100, 'Oatmeal Stout', '8 lbs. pale two-row English ale malt. 1 lb. crystal malt, 60° Lovibond. 18 oz. oatmeal (quick) 0.5 lb. chocolate malt. 0.5 lb. roasted barley. 1/2 tsp. Irish moss. 2 oz. Fuggles hops for boiling (4.2% alpha acid), for 45 min. 1 pack Wyeast 1084, Irish ale yeast', 'http://192.168.1.55:3010/images/OatmealStout.jpg', 1, '2,3', '', '33', 'Food', '[{"shop_name":"Apna Sweet","price":102},{"shop_name":"Ankit Store","price":20},{"shop_name":"Dhanajay Store","price":20},{"shop_name":"Arun Store","price":80},{"shop_name":"Soumya","price":890},{"shop_name":"Raverkar Store","price":600},{"shop_name":"Soumya Store","price":2790},{"shop_name":"Atul Store","price":2790},{"shop_name":"Devil Store","price":2790},{"shop_name":"Neha Store","price":2790},{"shop_name":"Jitendra Store","price":880}]', 'POUND'),
(101, 'Oats', 'Dry roast oats until golden or they begin to smell good. ... Heat a pan with oil. ... Sauté ginger garlic until the raw smell goes off. Add onions and fry until they turn slightly golden or pink. Saute veggies for 2 to 3 mins. ... Cook until the tomatoes turn completely mushy.', 'http://192.168.1.55:3010/images/Oats.jpg', 1, '2,3', '', '11', 'Food', '[{"shop_name":"Ankit Store","price":270},{"shop_name":"Dhanajay Store","price":270},{"shop_name":"Arun Store","price":800},{"shop_name":"Soumya","price":800},{"shop_name":"Raverkar Store","price":60},{"shop_name":"Jitendra Store","price":800}]', 'POUND'),
(102, 'Cracklin Oat Bran', 'Preheat oven to 325° and line a sheet tray with parchment paper. In a large bowl, combine almond flour, coconut, sugar, salt, and cinnamon. Add molasses, egg, coconut oil, and maple syrup. ... Put mixture on the sheet tray and press into a rectangle. ... Bake for 30 minutes, then cut into squares. ... Bake for another 15 minutes', 'http://192.168.1.55:3010/images/CracklinOatBran.jpg', 1, '2,3', '', '', 'Food', '[{"shop_name":"Apna Sweet","price":102},{"shop_name":"Ankit Store","price":20},{"shop_name":"Dhanajay Store","price":20},{"shop_name":"Arun Store","price":80},{"shop_name":"Soumya","price":890},{"shop_name":"Raverkar Store","price":600},{"shop_name":"Soumya Store","price":2790},{"shop_name":"Atul Store","price":2790},{"shop_name":"Devil Store","price":2790},{"shop_name":"Neha Store","price":2790},{"shop_name":"Jitendra Store","price":880}]', 'GRAM'),
(103, 'dumballs', '', '', 1, '2,3', '10', '600', 'Sports', '[{"shop_name":"Apna Sweet","price":102},{"shop_name":"Ankit Store","price":20},{"shop_name":"Dhanajay Store","price":20},{"shop_name":"Arun Store","price":80},{"shop_name":"Soumya","price":890},{"shop_name":"Raverkar Store","price":600},{"shop_name":"Soumya Store","price":2790},{"shop_name":"Atul Store","price":2790},{"shop_name":"Devil Store","price":2790},{"shop_name":"Neha Store","price":2790},{"shop_name":"Jitendra Store","price":880}]', 'POUND'),
(104, 'Heavy Rod 1 Meters', '', '', 1, '2', '146', '50', 'Sports', '[{"shop_name":"Apna Sweet","price":102},{"shop_name":"Ankit Store","price":20},{"shop_name":"Dhanajay Store","price":20},{"shop_name":"Arun Store","price":80},{"shop_name":"Soumya","price":890},{"shop_name":"Raverkar Store","price":600},{"shop_name":"Soumya Store","price":2790},{"shop_name":"Atul Store","price":2790},{"shop_name":"Devil Store","price":2790},{"shop_name":"Neha Store","price":2790},{"shop_name":"Jitendra Store","price":880}]', 'POUND'),
(105, 'Heavy Rod 2 Meters', '', '', 1, '2,3', '45', '740', 'Sports', '[{"shop_name":"Apna Sweet","price":102},{"shop_name":"Ankit Store","price":20},{"shop_name":"Dhanajay Store","price":20},{"shop_name":"Arun Store","price":80},{"shop_name":"Soumya","price":890},{"shop_name":"Raverkar Store","price":600},{"shop_name":"Soumya Store","price":2790},{"shop_name":"Atul Store","price":2790},{"shop_name":"Devil Store","price":2790},{"shop_name":"Neha Store","price":2790},{"shop_name":"Jitendra Store","price":880}]', 'POUND'),
(106, 'Heavy Rod 3 Meters', '', '', 1, '2,3', '45', '600', 'Sports', '[{"shop_name":"Ankit Store","price":70},{"shop_name":"Raverkar Store","price":60},{"shop_name":"Jitendra Store","price":80}]', 'POUND'),
(131, 'Cottans', '', '', 1, '2,3', '1', '10', 'Events', '[{"shop_name":"Ankit Store","price":720},{"shop_name":"Raverkar Store","price":60},{"shop_name":"Jitendra Store","price":80},{"shop_name":"Apun ka dhaba","price":1177},{"shop_name":"Apun ka dhaba","price":1177}]', 'KG'),
(132, 'dettol for bathshop', '', '', 1, '2,3', '12', '1', 'Cleaning', '[{"shop_name":"Ankit Store","price":720},{"shop_name":"Raverkar Store","price":60},{"shop_name":"Jitendr Sweet","price":80},{"shop_name":"Apna Sweet","price":1177}]', 'GRAM'),
(133, 'Savlon for bathshop', '', '', 1, '1,2,3', '13', '1422', 'Cleaning', '[{"shop_name":"Ankit Store","price":720},{"shop_name":"Raverkar Store","price":60},{"shop_name":"Jitendr Sweet","price":80},{"shop_name":"Apna Sweet","price":1177}]', 'GRAM'),
(134, 'Santoor for bathshop', '', '', 1, '1,2,3', '10', '5', 'Cleaning', '[{"shop_name":"Ankit Store","price":720},{"shop_name":"Raverkar Store","price":60},{"shop_name":"Jitendr Sweet","price":80},{"shop_name":"Apna Sweet","price":1177}]', 'GRAM'),
(135, 'Wildstone for bathshop', '', '', 1, '1,2,3', '11', '1', 'Cleaning', '[{"shop_name":"Ankit Store","price":720},{"shop_name":"Raverkar Store","price":60},{"pro_name":"History learning","shop_name":"Jitendr Sweet","price":80},{"shop_name":"Apna Sweet","price":1177}]', 'GRAM'),
(136, 'Rin power', '', '', 1, '1,2,3', '11', '545', 'Cleaning', '[{"shop_name":"Apna Sweet","price":102},{"shop_name":"Ankit Store","price":20},{"shop_name":"Dhanajay Store","price":2070},{"shop_name":"Arun Store","price":8000},\n{"shop_name":"Soumya","price":8040},{"shop_name":"Raverkar Store","price":690},{"shop_name":"Jitendra Store","price":80}]', 'GRAM'),
(152, 'Rin soap for cloth watch', '', '', 1, '2,3', '', '10', 'Cleaning', '[{"shop_name":"Ankit Store","price":20},{"shop_name":"Dhanajay Store","price":2070},{"shop_name":"Arun Store","price":8000},{"shop_name":"Soumya","price":8040},{"shop_name":"Raverkar Store","price":690},{"shop_name":"Jitendra Store","price":80}]', 'GRAM'),
(153, 'Patanjali soap for cloth watch', '', '', 1, '1,2,3', '', '11', 'Cleaning', '[{"shop_name":"Apna Sweet","price":102},{"shop_name":"Ankit Store","price":20},{"shop_name":"Dhanajay Store","price":2070},{"shop_name":"Arun Store","price":8000}, {"shop_name":"Soumya","price":8040},{"shop_name":"Raverkar Store","price":690},{"shop_name":"Jitendra Store","price":80}]', 'GRAM'),
(381, 'multani mitti', '', '', 1, '1,2,3', '11', '11', 'Body', '[{"shop_name":"Apna Sweet","price":102},{"shop_name":"Ankit Store","price":2700},{"shop_name":"Dhanajay Store","price":2790},{"shop_name":"Arun Store","price":80},{"shop_name":"Soumya","price":890},{"shop_name":"Raverkar Store","price":600},{"shop_name":"Soumya Store","price":2790},{"shop_name":"Atul Store","price":2790},{"shop_name":"Devil Store","price":2790},{"shop_name":"Neha Store","price":2790},{"shop_name":"Jitendra Store","price":880}]', 'KG'),
(382, 'Cottan', '', '', 1, '1,2,3', '11', '11', 'Body', '[{"shop_name":"Apna Sweet","price":102},{"shop_name":"Ankit Store","price":2700},{"shop_name":"Dhanajay Store","price":2790},{"shop_name":"Arun Store","price":80},{"shop_name":"Soumya","price":890},{"shop_name":"Raverkar Store","price":600},{"shop_name":"Soumya Store","price":2790},{"shop_name":"Atul Store","price":2790},{"shop_name":"Devil Store","price":2790},{"shop_name":"Neha Store","price":2790},{"shop_name":"Jitendra Store","price":880}]', 'KG'),
(383, 'Patanjali chyawanprash ', '', '', 1, '1,2,3', '11', '111', 'Body', '[{"shop_name":"Apna Sweet","price":102},{"shop_name":"Ankit Store","price":2700},{"shop_name":"Dhanajay Store","price":2790},{"shop_name":"Arun Store","price":80},{"shop_name":"Soumya","price":890},{"shop_name":"Raverkar Store","price":600},{"shop_name":"Soumya Store","price":2790},{"shop_name":"Atul Store","price":2790},{"shop_name":"Devil Store","price":2790},{"shop_name":"Neha Store","price":2790},{"shop_name":"Jitendra Store","price":880}]', 'GRAM'),
(384, 'Dabber chyawanprash', '', '', 1, '1,2,3', '', '', 'Body', '[{"shop_name":"Apna Sweet","price":102},{"shop_name":"Ankit Store","price":2700},{"shop_name":"Dhanajay Store","price":2790},{"shop_name":"Arun Store","price":80},{"shop_name":"Soumya","price":890},{"shop_name":"Raverkar Store","price":600},{"shop_name":"Soumya Store","price":2790},{"shop_name":"Atul Store","price":2790},{"shop_name":"Devil Store","price":2790},{"shop_name":"Neha Store","price":2790},{"shop_name":"Jitendra Store","price":880}]', 'GRAM'),
(385, 'Natural chyawanprash', '', '', 1, '1,2,3', '', '', 'Body', '[{"shop_name":"Apna Sweet","price":102},{"shop_name":"Ankit Store","price":2700},{"shop_name":"Dhanajay Store","price":2790},{"shop_name":"Arun Store","price":80},{"shop_name":"Soumya","price":890},{"shop_name":"Raverkar Store","price":600},{"shop_name":"Soumya Store","price":2790},{"shop_name":"Atul Store","price":2790},{"shop_name":"Devil Store","price":2790},{"shop_name":"Neha Store","price":2790},{"shop_name":"Jitendra Store","price":880}]', 'GRAM'),
(386, 'Speical chyawanprash', '', '', 1, '1,2,3', '', '', 'Body', '[{"shop_name":"Apna Sweet","price":102},{"shop_name":"Ankit Store","price":2700},{"shop_name":"Dhanajay Store","price":2790},{"shop_name":"Arun Store","price":80},{"shop_name":"Soumya","price":890},{"shop_name":"Raverkar Store","price":600},{"shop_name":"Soumya Store","price":2790},{"shop_name":"Atul Store","price":2790},{"shop_name":"Devil Store","price":2790},{"shop_name":"Neha Store","price":2790},{"shop_name":"Jitendra Store","price":880}]', 'GRAM'),
(387, 'Almond hair oil', '', '', 1, '1,2,3', '', '', 'Body', '[{"shop_name":"Apna Sweet","price":102},{"shop_name":"Ankit Store","price":2700},{"shop_name":"Dhanajay Store","price":2790},{"shop_name":"Arun Store","price":80},{"shop_name":"Soumya","price":890},{"shop_name":"Raverkar Store","price":600},{"shop_name":"Soumya Store","price":2790},{"shop_name":"Atul Store","price":2790},{"shop_name":"Devil Store","price":2790},{"shop_name":"Neha Store","price":2790},{"shop_name":"Jitendra Store","price":880}]', 'ML'),
(388, 'Chameli hair oil', '', '', 1, '1,2,3', '', '', 'Body', '[{"shop_name":"Apna Sweet","price":102},{"shop_name":"Ankit Store","price":2700},{"shop_name":"Dhanajay Store","price":2790},{"shop_name":"Arun Store","price":80},{"shop_name":"Soumya","price":890},{"shop_name":"Raverkar Store","price":600},{"shop_name":"Soumya Store","price":2790},{"shop_name":"Atul Store","price":2790},{"shop_name":"Devil Store","price":2790},{"shop_name":"Neha Store","price":2790},{"shop_name":"Jitendra Store","price":880}]', 'ML'),
(389, 'Savlon hair oil', '', '', 1, '1,2,3', '', '', 'Body', '[{"shop_name":"Apna Sweet","price":102},{"shop_name":"Ankit Store","price":2700},{"shop_name":"Dhanajay Store","price":2790},{"shop_name":"Arun Store","price":80},{"shop_name":"Soumya","price":890},{"shop_name":"Raverkar Store","price":600},{"shop_name":"Soumya Store","price":2790},{"shop_name":"Atul Store","price":2790},{"shop_name":"Devil Store","price":2790},{"shop_name":"Neha Store","price":2790},{"shop_name":"Jitendra Store","price":880}]', 'ML'),
(390, 'MACA Health Powder Weight grow', '', '', 1, '1,2,3', '', '', 'Sports', '[{"shop_name":"Apna Sweet","price":102},{"shop_name":"Ankit Store","price":2700},{"shop_name":"Dhanajay Store","price":2790},{"shop_name":"Arun Store","price":80},{"shop_name":"Soumya","price":890},{"shop_name":"Raverkar Store","price":600},{"shop_name":"Soumya Store","price":2790},{"shop_name":"Atul Store","price":2790},{"shop_name":"Devil Store","price":2790},{"shop_name":"Neha Store","price":2790},{"shop_name":"Jitendra Store","price":880}]', 'KG'),
(391, 'MORINGA Health Powder Weight grow', '', '', 1, '1,2,3', '', '', 'Sports', '[{"shop_name":"Apna Sweet","price":102},{"shop_name":"Ankit Store","price":2700},{"shop_name":"Dhanajay Store","price":2790},{"shop_name":"Arun Store","price":80},{"shop_name":"Soumya","price":890},{"shop_name":"Raverkar Store","price":600},{"shop_name":"Soumya Store","price":2790},{"shop_name":"Atul Store","price":2790},{"shop_name":"Devil Store","price":2790},{"shop_name":"Neha Store","price":2790},{"shop_name":"Jitendra Store","price":880}]', 'KG'),
(392, 'SUNWARRIOR ORMUS GREENS Weight grow', '', '', 1, '1,2,3', '', '', 'Sports', '[{"shop_name":"Apna Sweet","price":102},{"shop_name":"Ankit Store","price":2700},{"shop_name":"Dhanajay Store","price":2790},{"shop_name":"Arun Store","price":80},{"shop_name":"Soumya","price":890},{"shop_name":"Raverkar Store","price":600},{"shop_name":"Soumya Store","price":2790},{"shop_name":"Atul Store","price":2790},{"shop_name":"Devil Store","price":2790},{"shop_name":"Neha Store","price":2790},{"shop_name":"Jitendra Store","price":880}]', 'KG'),
(393, 'MACA Health Powder Weight loss', '', '', 1, '1,2,3', '', '', 'Sports', '[{"shop_name":"Apna Sweet","price":102},{"shop_name":"Ankit Store","price":2700},{"shop_name":"Dhanajay Store","price":2790},{"shop_name":"Arun Store","price":80},{"shop_name":"Soumya","price":890},{"shop_name":"Raverkar Store","price":600},{"shop_name":"Soumya Store","price":2790},{"shop_name":"Atul Store","price":2790},{"shop_name":"Devil Store","price":2790},{"shop_name":"Neha Store","price":2790},{"shop_name":"Jitendra Store","price":880}]', 'KG'),
(394, 'MORINGA Health Powder Weight loss', '', '', 1, '1,2,3', '', '', 'Sports', '[{"shop_name":"Apna Sweet","price":102},{"shop_name":"Ankit Store","price":2700},{"shop_name":"Dhanajay Store","price":2790},{"shop_name":"Arun Store","price":80},{"shop_name":"Soumya","price":890},{"shop_name":"Raverkar Store","price":600},{"shop_name":"Soumya Store","price":2790},{"shop_name":"Atul Store","price":2790},{"shop_name":"Devil Store","price":2790},{"shop_name":"Neha Store","price":2790},{"shop_name":"Jitendra Store","price":880}]', 'KG'),
(395, 'MORINGA Health Powder Weight loss', '', '', 1, '1,2,3', '', '', 'Sports', '[{"shop_name":"Apna Sweet","price":102},{"shop_name":"Ankit Store","price":2700},{"shop_name":"Dhanajay Store","price":2790},{"shop_name":"Arun Store","price":80},{"shop_name":"Soumya","price":890},{"shop_name":"Raverkar Store","price":600},{"shop_name":"Soumya Store","price":2790},{"shop_name":"Atul Store","price":2790},{"shop_name":"Devil Store","price":2790},{"shop_name":"Neha Store","price":2790},{"shop_name":"Jitendra Store","price":880}]', 'KG'),
(396, 'SUNWARRIOR ORMUS GREENS Weight loss', '', '', 1, '1,2,3', '', '', 'Events', '[{"shop_name":"Apna Sweet","price":102},{"shop_name":"Ankit Store","price":2700},{"shop_name":"Dhanajay Store","price":2790},{"shop_name":"Arun Store","price":80},{"shop_name":"Soumya","price":890},{"shop_name":"Raverkar Store","price":600},{"shop_name":"Soumya Store","price":2790},{"shop_name":"Atul Store","price":2790},{"shop_name":"Devil Store","price":2790},{"shop_name":"Neha Store","price":2790},{"shop_name":"Jitendra Store","price":880}]', 'KG'),
(397, 'Niddle 2cm', '', '', 1, '1,2,3', '', '', 'Events', '[{"shop_name":"Apna Sweet","price":102},{"shop_name":"Ankit Store","price":2700},{"shop_name":"Dhanajay Store","price":2790},{"shop_name":"Arun Store","price":80},{"shop_name":"Soumya","price":890},{"shop_name":"Raverkar Store","price":600},{"shop_name":"Soumya Store","price":2790},{"shop_name":"Atul Store","price":2790},{"shop_name":"Devil Store","price":2790},{"shop_name":"Neha Store","price":2790},{"shop_name":"Jitendra Store","price":880}]', 'KG'),
(398, 'Rose Flower', '', '', 1, '1,2,3', '', '', 'Events', '[{"shop_name":"Apna Sweet","price":102},{"shop_name":"Ankit Store","price":2700},{"shop_name":"Dhanajay Store","price":2790},{"shop_name":"Arun Store","price":80},{"shop_name":"Soumya","price":890},{"shop_name":"Raverkar Store","price":600},{"shop_name":"Soumya Store","price":2790},{"shop_name":"Atul Store","price":2790},{"shop_name":"Devil Store","price":2790},{"shop_name":"Neha Store","price":2790},{"shop_name":"Jitendra Store","price":880}]', 'KG'),
(399, 'African Daisy Flower', '', '', 1, '1,2,3', '', '', 'Events', '[{"shop_name":"Apna Sweet","price":102},{"shop_name":"Ankit Store","price":2700},{"shop_name":"Dhanajay Store","price":2790},{"shop_name":"Arun Store","price":80},{"shop_name":"Soumya","price":890},{"shop_name":"Raverkar Store","price":600},{"shop_name":"Soumya Store","price":2790},{"shop_name":"Atul Store","price":2790},{"shop_name":"Devil Store","price":2790},{"shop_name":"Neha Store","price":2790},{"shop_name":"Jitendra Store","price":880}]', 'KG'),
(400, 'Agapanthus Flower', '', '', 1, '1,2,3', '', '', 'Events', '[{"shop_name":"Apna Sweet","price":102},{"shop_name":"Ankit Store","price":2700},{"shop_name":"Dhanajay Store","price":2790},{"shop_name":"Arun Store","price":80},{"shop_name":"Soumya","price":890},{"shop_name":"Raverkar Store","price":600},{"shop_name":"Soumya Store","price":2790},{"shop_name":"Atul Store","price":2790},{"shop_name":"Devil Store","price":2790},{"shop_name":"Neha Store","price":2790},{"shop_name":"Jitendra Store","price":880}]', 'KG'),
(401, 'Alchemilla Flower', '', '', 1, '1,2,3', '', '', 'Events', '[{"shop_name":"Apna Sweet","price":102},{"shop_name":"Ankit Store","price":2700},{"shop_name":"Dhanajay Store","price":2790},{"shop_name":"Arun Store","price":80},{"shop_name":"Soumya","price":890},{"shop_name":"Raverkar Store","price":600},{"shop_name":"Soumya Store","price":2790},{"shop_name":"Atul Store","price":2790},{"shop_name":"Devil Store","price":2790},{"shop_name":"Neha Store","price":2790},{"shop_name":"Jitendra Store","price":880}]', 'KG'),
(402, 'PVC Plates', '', '', 0, '', '', '', 'Sports', '[{"shop_name":"Apna Sweet","price":102},{"shop_name":"Ankit Store","price":2700},{"shop_name":"Dhanajay Store","price":2790},{"shop_name":"Arun Store","price":80},{"shop_name":"Soumya","price":890},{"shop_name":"Raverkar Store","price":600},{"shop_name":"Soumya Store","price":2790},{"shop_name":"Atul Store","price":2790},{"shop_name":"Devil Store","price":2790},{"shop_name":"Neha Store","price":2790},{"shop_name":"Jitendra Store","price":880}]', 'KG'),
(403, ' 3ft Straight Rod', '', '', 0, '', '', '', 'Sports', '[{"shop_name":"Apna Sweet","price":102},{"shop_name":"Ankit Store","price":2700},{"shop_name":"Dhanajay Store","price":2790},{"shop_name":"Arun Store","price":80},{"shop_name":"Soumya","price":890},{"shop_name":"Raverkar Store","price":600},{"shop_name":"Soumya Store","price":2790},{"shop_name":"Atul Store","price":2790},{"shop_name":"Devil Store","price":2790},{"shop_name":"Neha Store","price":2790},{"shop_name":"Jitendra Store","price":880}]', 'POUNDS'),
(404, 'Dumbbell Rods 2ft', '', '', 0, '', '', '', 'Sports', '[{"shop_name":"Apna Sweet","price":102},{"shop_name":"Ankit Store","price":2700},{"shop_name":"Dhanajay Store","price":2790},{"shop_name":"Arun Store","price":80},{"shop_name":"Soumya","price":890},{"shop_name":"Raverkar Store","price":600},{"shop_name":"Soumya Store","price":2790},{"shop_name":"Atul Store","price":2790},{"shop_name":"Devil Store","price":2790},{"shop_name":"Neha Store","price":2790},{"shop_name":"Jitendra Store","price":880}]', 'POUNDS'),
(405, ' 2ft Straight Rod', '', '', 0, '', '', '', 'Sports', '[{"shop_name":"Apna Sweet","price":102},{"shop_name":"Ankit Store","price":2700},{"shop_name":"Dhanajay Store","price":2790},{"shop_name":"Arun Store","price":80},{"shop_name":"Soumya","price":890},{"shop_name":"Raverkar Store","price":600},{"shop_name":"Soumya Store","price":2790},{"shop_name":"Atul Store","price":2790},{"shop_name":"Devil Store","price":2790},{"shop_name":"Neha Store","price":2790},{"shop_name":"Jitendra Store","price":880}]', 'POUNDS'),
(406, ' 7ft Straight Rod', '', '', 0, '', '', '', 'Sports', '[{"shop_name":"Apna Sweet","price":102},{"shop_name":"Ankit Store","price":2700},{"shop_name":"Dhanajay Store","price":2790},{"shop_name":"Arun Store","price":80},{"shop_name":"Soumya","price":890},{"shop_name":"Raverkar Store","price":600},{"shop_name":"Soumya Store","price":2790},{"shop_name":"Atul Store","price":2790},{"shop_name":"Devil Store","price":2790},{"shop_name":"Neha Store","price":2790},{"shop_name":"Jitendra Store","price":880}]', ''),
(407, 'Dumbbell Rods 3ft', '', '', 0, '', '', '', 'Sports', '[{"shop_name":"Apna Sweet","price":102},{"shop_name":"Ankit Store","price":2700},{"shop_name":"Dhanajay Store","price":2790},{"shop_name":"Arun Store","price":80},{"shop_name":"Soumya","price":890},{"shop_name":"Raverkar Store","price":600},{"shop_name":"Soumya Store","price":2790},{"shop_name":"Atul Store","price":2790},{"shop_name":"Devil Store","price":2790},{"shop_name":"Neha Store","price":2790},{"shop_name":"Jitendra Store","price":880}]', ''),
(408, 'Niddle 1cm', '', '', 0, '', '', '', 'Events', '[{"shop_name":"Apna Sweet","price":102},{"shop_name":"Ankit Store","price":2700},{"shop_name":"Dhanajay Store","price":2790},{"shop_name":"Arun Store","price":80},{"shop_name":"Soumya","price":890},{"shop_name":"Raverkar Store","price":600},{"shop_name":"Soumya Store","price":2790},{"shop_name":"Atul Store","price":2790},{"shop_name":"Devil Store","price":2790},{"shop_name":"Neha Store","price":2790},{"shop_name":"Jitendra Store","price":880}]', ''),
(409, 'Niddle 2cm', '', '', 0, '', '', '', 'Events', '[{"shop_name":"Apna Sweet","price":102},{"shop_name":"Ankit Store","price":2700},{"shop_name":"Dhanajay Store","price":2790},{"shop_name":"Arun Store","price":80},{"shop_name":"Soumya","price":890},{"shop_name":"Raverkar Store","price":600},{"shop_name":"Soumya Store","price":2790},{"shop_name":"Atul Store","price":2790},{"shop_name":"Devil Store","price":2790},{"shop_name":"Neha Store","price":2790},{"shop_name":"Jitendra Store","price":880}]', ''),
(410, 'Niddle 3cm', '', '', 0, '', '', '', 'Events', '[{"shop_name":"Apna Sweet","price":102},{"shop_name":"Ankit Store","price":2700},{"shop_name":"Dhanajay Store","price":2790},{"shop_name":"Arun Store","price":80},{"shop_name":"Soumya","price":890},{"shop_name":"Raverkar Store","price":600},{"shop_name":"Soumya Store","price":2790},{"shop_name":"Atul Store","price":2790},{"shop_name":"Devil Store","price":2790},{"shop_name":"Neha Store","price":2790},{"shop_name":"Jitendra Store","price":880}]', ''),
(411, 'Niddle 4cm', '', '', 0, '', '', '', 'Events', '[{"shop_name":"Apna Sweet","price":102},{"shop_name":"Ankit Store","price":2700},{"shop_name":"Dhanajay Store","price":2790},{"shop_name":"Arun Store","price":80},{"shop_name":"Soumya","price":890},{"shop_name":"Raverkar Store","price":600},{"shop_name":"Soumya Store","price":2790},{"shop_name":"Atul Store","price":2790},{"shop_name":"Devil Store","price":2790},{"shop_name":"Neha Store","price":2790},{"shop_name":"Jitendra Store","price":880}]', ''),
(412, 'Niddle 5cm', '', '', 0, '', '', '', 'Events', '[{"shop_name":"Apna Sweet","price":102},{"shop_name":"Ankit Store","price":2700},{"shop_name":"Dhanajay Store","price":2790},{"shop_name":"Arun Store","price":80},{"shop_name":"Soumya","price":890},{"shop_name":"Raverkar Store","price":600},{"shop_name":"Soumya Store","price":2790},{"shop_name":"Atul Store","price":2790},{"shop_name":"Devil Store","price":2790},{"shop_name":"Neha Store","price":2790},{"shop_name":"Jitendra Store","price":880}]', ''),
(413, 'Asko Desh wash liquid', '', '', 0, '', '', '', 'Cleaning', '[{"shop_name":"Apna Sweet","price":102},{"shop_name":"Ankit Store","price":2700},{"shop_name":"Dhanajay Store","price":2790},{"shop_name":"Arun Store","price":80},{"shop_name":"Soumya","price":890},{"shop_name":"Raverkar Store","price":600},{"shop_name":"Soumya Store","price":2790},{"shop_name":"Atul Store","price":2790},{"shop_name":"Devil Store","price":2790},{"shop_name":"Neha Store","price":2790},{"shop_name":"Jitendra Store","price":880}]', 'LITERS'),
(414, 'Maytag Desh wash liquid', '', '', 0, '', '', '', 'Cleaning', '[{"shop_name":"Apna Sweet","price":102},{"shop_name":"Ankit Store","price":2700},{"shop_name":"Dhanajay Store","price":2790},{"shop_name":"Arun Store","price":80},{"shop_name":"Soumya","price":890},{"shop_name":"Raverkar Store","price":600},{"shop_name":"Soumya Store","price":2790},{"shop_name":"Atul Store","price":2790},{"shop_name":"Devil Store","price":2790},{"shop_name":"Neha Store","price":2790},{"shop_name":"Jitendra Store","price":880}]', 'LITERS'),
(415, 'Amana Desh wash liquid', '', '', 0, '', '', '', 'Cleaning', '[{"shop_name":"Apna Sweet","price":102},{"shop_name":"Ankit Store","price":2700},{"shop_name":"Dhanajay Store","price":2790},{"shop_name":"Arun Store","price":80},{"shop_name":"Soumya","price":890},{"shop_name":"Raverkar Store","price":600},{"shop_name":"Soumya Store","price":2790},{"shop_name":"Atul Store","price":2790},{"shop_name":"Devil Store","price":2790},{"shop_name":"Neha Store","price":2790},{"shop_name":"Jitendra Store","price":880}]', 'LITERS'),
(416, 'Avanti Desh wash liquid', '', '', 0, '', '', '', 'Cleaning', '[{"shop_name":"Apna Sweet","price":102},{"shop_name":"Ankit Store","price":2700},{"shop_name":"Dhanajay Store","price":2790},{"shop_name":"Arun Store","price":80},{"shop_name":"Soumya","price":890},{"shop_name":"Raverkar Store","price":600},{"shop_name":"Soumya Store","price":2790},{"shop_name":"Atul Store","price":2790},{"shop_name":"Devil Store","price":2790},{"shop_name":"Neha Store","price":2790},{"shop_name":"Jitendra Store","price":880}]', 'LITERS'),
(417, 'Miele Desh wash liquid', '', '', 0, '', '', '', 'Cleaning', '[{"shop_name":"Apna Sweet","price":102},{"shop_name":"Ankit Store","price":2700},{"shop_name":"Dhanajay Store","price":2790},{"shop_name":"Arun Store","price":80},{"shop_name":"Soumya","price":890},{"shop_name":"Raverkar Store","price":600},{"shop_name":"Soumya Store","price":2790},{"shop_name":"Atul Store","price":2790},{"shop_name":"Devil Store","price":2790},{"shop_name":"Neha Store","price":2790},{"shop_name":"Jitendra Store","price":880}]', 'LITERS'),
(418, 'Asko Desh wash soap', '', '', 0, '', '', '', 'Cleaning', '[{"shop_name":"Apna Sweet","price":102},{"shop_name":"Ankit Store","price":2700},{"shop_name":"Dhanajay Store","price":2790},{"shop_name":"Arun Store","price":80},{"shop_name":"Soumya","price":890},{"shop_name":"Raverkar Store","price":600},{"shop_name":"Soumya Store","price":2790},{"shop_name":"Atul Store","price":2790},{"shop_name":"Devil Store","price":2790},{"shop_name":"Neha Store","price":2790},{"shop_name":"Jitendra Store","price":880}]', 'GRAM'),
(419, 'Maytag Desh wash soap', '', '', 0, '', '', '', 'Cleaning', '[{"shop_name":"Apna Sweet","price":102},{"shop_name":"Ankit Store","price":2700},{"shop_name":"Dhanajay Store","price":2790},{"shop_name":"Arun Store","price":80},{"shop_name":"Soumya","price":890},{"shop_name":"Raverkar Store","price":600},{"shop_name":"Soumya Store","price":2790},{"shop_name":"Atul Store","price":2790},{"shop_name":"Devil Store","price":2790},{"shop_name":"Neha Store","price":2790},{"shop_name":"Jitendra Store","price":880}]', 'GRAM'),
(420, 'Miele Desh wash soap', '', '', 0, '', '', '', 'Cleaning', '[{"shop_name":"Apna Sweet","price":102},{"shop_name":"Ankit Store","price":2700},{"shop_name":"Dhanajay Store","price":2790},{"shop_name":"Arun Store","price":80},{"shop_name":"Soumya","price":890},{"shop_name":"Raverkar Store","price":600},{"shop_name":"Soumya Store","price":2790},{"shop_name":"Atul Store","price":2790},{"shop_name":"Devil Store","price":2790},{"shop_name":"Neha Store","price":2790},{"shop_name":"Jitendra Store","price":880}]', 'GRAM'),
(421, 'Avanti Desh wash soap', '', '', 0, '', '', '', 'Cleaning', '[{"shop_name":"Apna Sweet","price":102},{"shop_name":"Ankit Store","price":2700},{"shop_name":"Dhanajay Store","price":2790},{"shop_name":"Arun Store","price":80},{"shop_name":"Soumya","price":890},{"shop_name":"Raverkar Store","price":600},{"shop_name":"Soumya Store","price":2790},{"shop_name":"Atul Store","price":2790},{"shop_name":"Devil Store","price":2790},{"shop_name":"Neha Store","price":2790},{"shop_name":"Jitendra Store","price":880}]', 'GRAM'),
(422, 'Amana Desh wash soap', '', '', 0, '', '', '', 'Cleaning', '[{"shop_name":"Apna Sweet","price":102},{"shop_name":"Ankit Store","price":2700},{"shop_name":"Dhanajay Store","price":2790},{"shop_name":"Arun Store","price":80},{"shop_name":"Soumya","price":890},{"shop_name":"Raverkar Store","price":600},{"shop_name":"Soumya Store","price":2790},{"shop_name":"Atul Store","price":2790},{"shop_name":"Devil Store","price":2790},{"shop_name":"Neha Store","price":2790},{"shop_name":"Jitendra Store","price":880}]', 'GRAM'),
(423, 'Water can', '', '', 0, '', '', '', 'Events', '[{"shop_name":"Apna Sweet","price":102},{"shop_name":"Ankit Store","price":2700},{"shop_name":"Dhanajay Store","price":2790},{"shop_name":"Arun Store","price":80},{"shop_name":"Soumya","price":890},{"shop_name":"Raverkar Store","price":600},{"shop_name":"Soumya Store","price":2790},{"shop_name":"Atul Store","price":2790},{"shop_name":"Devil Store","price":2790},{"shop_name":"Neha Store","price":2790},{"shop_name":"Jitendra Store","price":880}]', 'LITERS'),
(424, 'Chocolate Cake', '', '', 0, '', '', '', 'Events', '[{"shop_name":"Apna Sweet","price":102},{"shop_name":"Ankit Store","price":2700},{"shop_name":"Dhanajay Store","price":2790},{"shop_name":"Arun Store","price":80},{"shop_name":"Soumya","price":890},{"shop_name":"Raverkar Store","price":600},{"shop_name":"Soumya Store","price":2790},{"shop_name":"Atul Store","price":2790},{"shop_name":"Devil Store","price":2790},{"shop_name":"Neha Store","price":2790},{"shop_name":"Jitendra Store","price":880}]', 'POUNDS'),
(425, 'stoberry Cake', '', '', 0, '', '', '', 'Events', '[{"shop_name":"Apna Sweet","price":102},{"shop_name":"Ankit Store","price":2700},{"shop_name":"Dhanajay Store","price":2790},{"shop_name":"Arun Store","price":80},{"shop_name":"Soumya","price":890},{"shop_name":"Raverkar Store","price":600},{"shop_name":"Soumya Store","price":2790},{"shop_name":"Atul Store","price":2790},{"shop_name":"Devil Store","price":2790},{"shop_name":"Neha Store","price":2790},{"shop_name":"Jitendra Store","price":880}]', 'POUNDS'),
(426, 'pineapple cake', '', '', 0, '', '', '', 'Events', '[{"shop_name":"Apna Sweet","price":102},{"shop_name":"Ankit Store","price":2700},{"shop_name":"Dhanajay Store","price":2790},{"shop_name":"Arun Store","price":80},{"shop_name":"Soumya","price":890},{"shop_name":"Raverkar Store","price":600},{"shop_name":"Soumya Store","price":2790},{"shop_name":"Atul Store","price":2790},{"shop_name":"Devil Store","price":2790},{"shop_name":"Neha Store","price":2790},{"shop_name":"Jitendra Store","price":880}]', 'POUNDS'),
(427, 'Stoberry juice', '', '', 0, '', '', '', 'Events', '[{"shop_name":"Apna Sweet","price":102},{"shop_name":"Ankit Store","price":2700},{"shop_name":"Dhanajay Store","price":2790},{"shop_name":"Arun Store","price":80},{"shop_name":"Soumya","price":890},{"shop_name":"Raverkar Store","price":600},{"shop_name":"Soumya Store","price":2790},{"shop_name":"Atul Store","price":2790},{"shop_name":"Devil Store","price":2790},{"shop_name":"Neha Store","price":2790},{"shop_name":"Jitendra Store","price":880}]', 'POUNDS'),
(428, 'Apple juice', '', '', 0, '', '', '', 'Events', '[{"shop_name":"Apna Sweet","price":102},{"shop_name":"Ankit Store","price":2700},{"shop_name":"Dhanajay Store","price":2790},{"shop_name":"Arun Store","price":80},{"shop_name":"Soumya","price":890},{"shop_name":"Raverkar Store","price":600},{"shop_name":"Soumya Store","price":2790},{"shop_name":"Atul Store","price":2790},{"shop_name":"Devil Store","price":2790},{"shop_name":"Neha Store","price":2790},{"shop_name":"Jitendra Store","price":880}]', 'POUNDS'),
(429, 'Mango juice', '', '', 0, '', '', '', 'Events', '[{"shop_name":"Apna Sweet","price":102},{"shop_name":"Ankit Store","price":2700},{"shop_name":"Dhanajay Store","price":2790},{"shop_name":"Arun Store","price":80},{"shop_name":"Soumya","price":890},{"shop_name":"Raverkar Store","price":600},{"shop_name":"Soumya Store","price":2790},{"shop_name":"Atul Store","price":2790},{"shop_name":"Devil Store","price":2790},{"shop_name":"Neha Store","price":2790},{"shop_name":"Jitendra Store","price":880}]', 'POUNDS'),
(430, 'Orange juice', '', '', 0, '', '', '', 'Events', '[{"shop_name":"Apna Sweet","price":102},{"shop_name":"Ankit Store","price":2700},{"shop_name":"Dhanajay Store","price":2790},{"shop_name":"Arun Store","price":80},{"shop_name":"Soumya","price":890},{"shop_name":"Raverkar Store","price":600},{"shop_name":"Soumya Store","price":2790},{"shop_name":"Atul Store","price":2790},{"shop_name":"Devil Store","price":2790},{"shop_name":"Neha Store","price":2790},{"shop_name":"Jitendra Store","price":880}]', 'POUNDS'),
(431, 'Old News paper', '', '', 0, '', '', '', 'Events', '[{"shop_name":"Apna Sweet","price":102},{"shop_name":"Ankit Store","price":2700},{"shop_name":"Dhanajay Store","price":2790},{"shop_name":"Arun Store","price":80},{"shop_name":"Soumya","price":890},{"shop_name":"Raverkar Store","price":600},{"shop_name":"Soumya Store","price":2790},{"shop_name":"Atul Store","price":2790},{"shop_name":"Devil Store","price":2790},{"shop_name":"Neha Store","price":2790},{"shop_name":"Jitendra Store","price":880}]', 'KG'),
(432, 'Ice', '', '', 0, '', '', '', 'Events', '[{"shop_name":"Apna Sweet","price":102},{"shop_name":"Ankit Store","price":2700},{"shop_name":"Dhanajay Store","price":2790},{"shop_name":"Arun Store","price":80},{"shop_name":"Soumya","price":890},{"shop_name":"Raverkar Store","price":600},{"shop_name":"Soumya Store","price":2790},{"shop_name":"Atul Store","price":2790},{"shop_name":"Devil Store","price":2790},{"shop_name":"Neha Store","price":2790},{"shop_name":"Jitendra Store","price":880}]', 'KG');

-- --------------------------------------------------------

--
-- Table structure for table `tbl_payment_gate_way`
--

CREATE TABLE `tbl_payment_gate_way` (
  `id` int(11) NOT NULL,
  `PaymentAmount` varchar(200) NOT NULL,
  `PaymentId` varchar(200) NOT NULL,
  `CustomerId` varchar(200) NOT NULL,
  `Status` varchar(200) NOT NULL,
  `date` varchar(100) NOT NULL
) ENGINE=InnoDB DEFAULT CHARSET=latin1;

--
-- Dumping data for table `tbl_payment_gate_way`
--

INSERT INTO `tbl_payment_gate_way` (`id`, `PaymentAmount`, `PaymentId`, `CustomerId`, `Status`, `date`) VALUES
(11, '89', 'PAY-18E92042FF5093452LDXQ6JQ', '77', 'approved', '2017-04-13 11:09:58'),
(12, '222', 'PAY-88D84963C06436829LDYMWXI', '77', 'approved', '2017-04-14 18:45:20'),
(13, '234', 'PAY-9ED27940LK9895427LD3RMIQ', '77', 'approved', '2017-04-19 13:17:57'),
(14, '16429', 'PAY-7TJ28985V5751945TLD3TCVA', '77', 'approved', '2017-04-19 15:14:00'),
(15, '24729', 'PAY-5TL69655HE288054CLD3TMKA', '77', 'approved', '2017-04-19 15:34:36'),
(16, '25017', 'PAY-4NF976220N614574ELD3U3BQ', '77', 'approved', '2017-04-19 17:14:32'),
(17, '25497', 'PAY-2BK645798M069270XLD3U4IY', '77', 'approved', '2017-04-19 17:16:54'),
(18, '31097', 'PAY-9CU7052880292505HLD3U7AA', '77', 'approved', '2017-04-19 17:22:43'),
(19, '74509', 'PAY-9SE50880S4395153WLD7RMJI', '77', 'approved', '2017-04-25 14:56:14'),
(20, '78253', 'PAY-3C4923235L991721ULEAIOSA', '77', 'approved', '2017-04-26 17:11:12'),
(21, '95874', 'PAY-2AX42121PM163581SLEA4GZI', '77', 'approved', '2017-04-27 15:39:56'),
(22, '106674', 'PAY-8TY64284JM2164210LEA4IEA', '77', 'approved', '2017-04-27 15:42:58'),
(23, '117834', 'PAY-2R1179574E1074053LEA7NEY', '77', 'approved', '2017-04-27 19:18:21'),
(24, '10', 'PAY-53048149106241405LEE3OMY', '77', 'approved', '2017-05-03 16:26:06'),
(25, '10', 'PAY-2SB443994T149470BLEE3R5A', '77', 'approved', '2017-05-03 16:33:36'),
(26, '12', 'PAY-8R626201GN563903VLEIXVJA', '77', 'approved', '2017-05-09 13:45:53'),
(27, '10', 'PAY-0AH43553RW648243LLEIXYJI', '77', 'approved', '2017-05-09 13:52:17'),
(28, '10', 'PAY-5T102599C3919353FLEIZLBQ', '77', 'approved', '2017-05-09 15:40:22'),
(29, '10', 'PAY-0GT568105A263041GLEIZSWA', '77', 'approved', '2017-05-09 15:56:41'),
(30, '12', 'PAY-5FH92632GG568231FLEIZVLA', '77', 'approved', '2017-05-09 16:02:22'),
(31, '10', 'PAY-3AU56089FK644490LLEIZXEY', '77', 'approved', '2017-05-09 16:06:11'),
(32, '1200', '1209999', '77', 'Success', ''),
(33, '1200', '1209999', '77', 'Success', '2017-12-12'),
(34, '1200', '1209999', '77', 'Success', '2017-12-12'),
(35, '1200', '1209999', '77', 'Success', '2017-12-12');

-- --------------------------------------------------------

--
-- Table structure for table `tbl_product_details`
--

CREATE TABLE `tbl_product_details` (
  `id` int(11) NOT NULL,
  `product_id` int(11) NOT NULL,
  `product_name` varchar(100) NOT NULL,
  `product_quantity` varchar(100) NOT NULL,
  `pro` int(10) NOT NULL,
  `product_weight` varchar(100) NOT NULL,
  `task_type` varchar(100) NOT NULL,
  `status` varchar(100) NOT NULL,
  `date` varchar(100) NOT NULL,
  `customer_id` int(11) NOT NULL,
  `admin_id` int(11) NOT NULL,
  `delivery_id` int(11) NOT NULL,
  `type` varchar(100) NOT NULL,
  `product_price` varchar(100) NOT NULL,
  `recipe_code` varchar(100) NOT NULL
) ENGINE=InnoDB DEFAULT CHARSET=latin1;

--
-- Dumping data for table `tbl_product_details`
--

INSERT INTO `tbl_product_details` (`id`, `product_id`, `product_name`, `product_quantity`, `pro`, `product_weight`, `task_type`, `status`, `date`, `customer_id`, `admin_id`, `delivery_id`, `type`, `product_price`, `recipe_code`) VALUES
(1, 102, 'Cracklin Oat Bran', '1', 0, '2', 'Food', '4', '', 77, 0, 0, '', '', 'ac9a3f2'),
(2, 98, 'Oatmeal Crisp', '5', 0, '2', 'Food', '4', '', 77, 0, 0, '', '', '35eadc3'),
(3, 98, 'Oatmeal Crisp', '5', 0, '2', 'Food', '4', '', 77, 0, 0, '', '', '0b97250'),
(4, 98, 'Oatmeal Crisp', '5', 0, '2', 'Food', '4', '', 77, 0, 0, '', '', '170b9c4'),
(5, 102, 'Cracklin Oat Bran', '5', 0, '5', 'Food', '4', '', 77, 0, 0, '', '', '800159c'),
(6, 8, 'Ghee', '4', 0, '2', 'Food', '4', '', 77, 0, 0, '', '', '5ec6c5f'),
(7, 98, 'Oatmeal Crisp', '5', 0, '2', 'Food', '4', '', 77, 0, 0, '', '', 'ac96fd4'),
(8, 102, 'Cracklin Oat Bran', '5', 0, '5', 'Food', '4', '', 77, 0, 0, '', '', '18a7321'),
(9, 8, 'Ghee', '4', 0, '2', 'Food', '4', '', 77, 0, 0, '', '', '18a7321'),
(10, 93, 'Aata', '5', 0, '2', 'Food', '4', '', 77, 0, 0, '', '', '282cff3'),
(11, 93, 'Aata', '5', 0, '2', 'Food', '4', '', 77, 0, 0, '', '', '9d231ee'),
(434, 93, 'Aata', '1', 0, '1', 'Food', '4', '', 77, 0, 0, '', '', 'bf97963'),
(435, 102, 'Cracklin Oat Bran', '1', 0, '2', 'Food', '4', '', 77, 0, 0, '', '', '450e0ef'),
(436, 102, 'Cracklin Oat Bran', '1', 0, '2', 'Food', '4', '', 77, 0, 0, '', '', 'af790c3'),
(437, 102, 'Cracklin Oat Bran', '1', 0, '2', 'Food', '4', '', 77, 0, 0, '', '', '23086f0'),
(438, 102, 'Cracklin Oat Bran', '1', 0, '2', 'Food', '4', '', 77, 0, 0, '', '', '809efbe'),
(439, 8, 'Ghee', '2', 0, '2', 'Food', '4', '', 77, 0, 0, '', '', '097bdb1'),
(440, 96, 'Oatmeal Cookie', '3', 0, '2', 'Food', '4', '', 77, 0, 0, '', '', '0909e1a'),
(441, 96, 'Oatmeal Cookie', '3', 0, '2', 'Food', '4', '', 77, 0, 0, '', '', '6de803a'),
(442, 98, 'Oatmeal Crisp', '1', 0, '1', 'Food', '4', '', 77, 0, 0, '', '', '0d2a82c'),
(443, 7, 'Poha', '2', 0, '23', 'Food', '4', '', 77, 0, 0, '', '', 'd846462'),
(444, 98, 'Oatmeal Crisp', '3', 0, '12', 'Food', '4', '', 77, 0, 0, '', '', 'd846462'),
(445, 7, 'Poha', '4', 0, '12', 'Food', '4', '', 77, 0, 0, '', '', 'd11604a'),
(446, 7, 'Poha', '5', 0, '12', 'Food', '4', '', 77, 0, 0, '', '', '84c5002'),
(447, 98, 'Oatmeal Crisp', '5', 0, '12', 'Food', '4', '', 77, 0, 0, '', '', 'ea18725'),
(448, 382, 'Cottan', '1', 0, '2', 'Body', '4', '', 77, 0, 0, '', '', 'e1af4fb'),
(450, 8, 'Ghee', '2', 0, '55', 'Food', '4', '', 77, 0, 0, '', '', '59e719a'),
(451, 9, 'Rawa', '12', 0, '2', 'Food', '4', '', 77, 0, 0, '', '', '5f70bdc'),
(452, 98, 'Oatmeal Crisp', '10', 0, '12', 'Food', '4', '', 77, 0, 0, '', '', '3247e4e'),
(453, 8, 'Ghee', '4', 0, '2', 'Food', '4', '', 77, 0, 0, '', '', 'da485cf'),
(454, 400, 'Agapanthus Flower', '10', 0, '6', 'Event', '1', '', 77, 0, 0, '', '', '6530d4a'),
(455, 133, 'Savlon for bathshop', '1', 0, '1', 'Cleaning', '1', '', 77, 0, 0, '', '', '8f0f7a1'),
(456, 136, 'Rin power', '1', 0, '1', 'Cleaning', '1', '', 77, 0, 0, '', '', '10e1e36'),
(457, 408, 'Niddle 1cm', '1', 0, '1', 'Events', '1', '', 77, 0, 0, '', '', '5441c78'),
(458, 131, 'Cottans', '9', 0, '12', 'Event', '1', '', 77, 0, 0, '', '', '2d33a46'),
(459, 7, 'Poha', '5', 0, '12', 'Food', '4', '', 77, 0, 0, '', '', '07e6d64'),
(460, 102, 'Cracklin Oat Bran', '1', 0, '2', 'Food', '4', '', 77, 0, 0, '', '', '313db27'),
(461, 102, 'Cracklin Oat Bran', '1', 0, '2', 'Food', '4', '', 77, 0, 0, '', '', '008fc2e'),
(462, 93, 'Aata', '1', 0, '3', 'Food', '4', '', 77, 0, 0, '', '', 'd865c0f'),
(463, 102, 'Cracklin Oat Bran', '1', 0, '2', 'Food', '4', '', 77, 0, 0, '', '', 'da70ba4'),
(464, 102, 'Cracklin Oat Bran', '1', 0, '2', 'Food', '4', '', 77, 0, 0, '', '', '7332f2f'),
(465, 102, 'Cracklin Oat Bran', '1', 0, '2', 'Food', '4', '', 77, 0, 0, '', '', '5f58ae7'),
(466, 102, 'Cracklin Oat Bran', '1', 0, '2', 'Food', '4', '', 77, 0, 0, '', '', '0a4a52a'),
(467, 102, 'Cracklin Oat Bran', '1', 0, '2', 'Food', '4', '', 77, 0, 0, '', '', '8a33fb6'),
(468, 102, 'Cracklin Oat Bran', '1', 0, '2', 'Food', '4', '', 77, 0, 0, '', '', '8b772fc'),
(469, 381, 'multani mitti', '5', 0, '12', 'Body', '4', '', 77, 0, 0, '', '', '32abfbe'),
(470, 95, 'Oat Milk', '1', 0, '2', 'Food', '4', '', 77, 0, 0, '', '', 'bf01cc2'),
(471, 414, 'Maytag Desh wash liquid', '5', 0, '12', 'Cleaning', '1', '', 77, 0, 0, '', '', '32e61ce'),
(472, 106, 'Heavy Rod 3 Meters', '1', 0, '1', 'Sports', '1', '', 77, 0, 0, '', '', '7259c5f'),
(473, 7, 'Poha', '4', 0, '12', 'Food', '4', '', 77, 0, 0, '', '', '89b50aa'),
(474, 93, 'Aata', '9', 0, '56', 'Food', '4', '', 77, 0, 0, '', '', '3f77624'),
(475, 7, 'Poha', '4', 0, '12', 'Food', '4', '', 77, 0, 0, '', '', '52fd4ba'),
(476, 93, 'Aata', '9', 0, '56', 'Food', '4', '', 77, 0, 0, '', '', 'c23b051'),
(477, 382, 'Cottan', '1', 0, '2', 'Body', '4', '', 77, 0, 0, '', '', '2348d3e'),
(478, 7, 'Poha', '5', 0, '12', 'Food', '4', '', 77, 0, 0, '', '', '1cc5f02'),
(479, 102, 'Cracklin Oat Bran', '1', 0, '2', 'Food', '4', '', 77, 0, 0, '', '', '649ee1c'),
(480, 102, 'Cracklin Oat Bran', '1', 0, '2', 'Food', '4', '', 77, 0, 0, '', '', '2cda763'),
(481, 102, 'Cracklin Oat Bran', '1', 0, '2', 'Food', '4', '', 77, 0, 0, '', '', '5e94b64'),
(482, 383, 'Patanjali chyawanprash ', '7', 0, '12', 'Body', '4', '', 77, 0, 0, '', '', 'f2d22b0'),
(483, 8, 'Ghee', '6', 0, '2', 'Food', '4', '', 77, 0, 0, '', '', '7c4d9d1'),
(484, 98, 'Oatmeal Crisp', '5', 0, '2', 'Food', '4', '', 77, 0, 0, '', '', '7c4d9d1'),
(485, 8, 'Ghee', '6', 0, '2', 'Food', '4', '', 77, 0, 0, '', '', '812c89d'),
(486, 98, 'Oatmeal Crisp', '5', 0, '2', 'Food', '4', '', 77, 0, 0, '', '', '812c89d'),
(487, 93, 'Aata', '3', 0, '2', 'Food', '4', '', 77, 0, 0, '', '', '812c89d'),
(488, 8, 'Ghee', '6', 0, '2', 'Food', '4', '', 77, 0, 0, '', '', 'a419821'),
(489, 98, 'Oatmeal Crisp', '5', 0, '2', 'Food', '4', '', 77, 0, 0, '', '', 'a419821'),
(490, 93, 'Aata', '3', 0, '2', 'Food', '4', '', 77, 0, 0, '', '', 'a419821'),
(491, 99, 'Oatmeal Toffee Cookies', '6', 0, '2', 'Food', '4', '', 77, 0, 0, '', '', '8e5126e'),
(492, 413, 'Asko Desh wash liquid', '6', 0, '2', 'Cleaning', '1', '', 77, 0, 0, '', '', 'b4a2278'),
(493, 106, 'Heavy Rod 3 Meters', '1', 0, '1', 'Sports', '1', '', 77, 0, 0, '', '', 'dd9b1e9'),
(494, 106, 'Heavy Rod 3 Meters', '1', 0, '1', 'Sports', '1', '', 77, 0, 0, '', '', '21a3ac8'),
(495, 99, 'Oatmeal Toffee Cookies', '8', 0, '2', 'Food', '4', '', 77, 0, 0, '', '', '5505cd4'),
(496, 99, 'Oatmeal Toffee Cookies', '8', 0, '2', 'Food', '4', '', 77, 0, 0, '', '', '49bde65'),
(497, 95, 'Oat Milk', '1', 0, '1', 'Food', '4', '', 77, 0, 0, '', '', '0817c22'),
(498, 95, 'Oat Milk', '1', 0, '1', 'Food', '4', '', 77, 0, 0, '', '', '7b6c574'),
(499, 7, 'Poha', '5', 0, '14', 'Food', '4', '', 77, 0, 0, '', '', 'd8c1ba9'),
(500, 7, 'Poha', '2', 0, '12', 'Food', '4', '', 77, 0, 0, '', '', 'a708397'),
(501, 98, 'Oatmeal Crisp', '5', 0, '12', 'Food', '4', '', 77, 0, 0, '', '', 'b5e8907'),
(502, 98, 'Oatmeal Crisp', '3', 0, '12', 'Food', '4', '', 77, 0, 0, '', '', '4a21ceb'),
(503, 7, 'Poha', '5', 0, '12', 'Food', '4', '', 77, 0, 0, '', '', '9014fb8'),
(504, 7, 'Poha', '4', 0, '1', 'Food', '4', '', 77, 0, 0, '', '', 'a6903d2'),
(505, 7, 'Poha', '4', 0, '3', 'Food', '4', '', 77, 0, 0, '', '', 'a4b971d'),
(506, 7, 'Poha', '2', 0, '12', 'Food', '4', '', 77, 0, 0, '', '', '13a685d'),
(507, 7, 'Poha', '4', 0, '12', 'Food', '4', '', 77, 0, 0, '', '', 'b628e0a'),
(508, 7, 'Poha', '5', 0, '1', 'Food', '4', '', 77, 0, 0, '', '', '95dba76'),
(509, 98, 'Oatmeal Crisp', '7', 0, '2', 'Food', '4', '', 77, 0, 0, '', '', '95dba76'),
(510, 7, 'Poha', '6', 0, '12', 'Food', '4', '', 77, 0, 0, '', '', '499ba10'),
(511, 7, 'Poha', '5', 0, '12', 'Food', '4', '', 77, 0, 0, '', '', '895de50'),
(512, 133, 'Savlon for bathshop', '1', 0, '1', 'Cleaning', '1', '', 77, 0, 0, '', '', 'a5a4e3a'),
(513, 7, 'Poha', '5', 0, '12', 'Food', '4', '', 77, 0, 0, '', '', '2b786d5'),
(514, 396, 'SUNWARRIOR ORMUS GREENS Weight loss', '6', 0, '12', 'Events', '1', '', 77, 0, 0, '', '', '3d51bf7'),
(515, 98, 'Oatmeal Crisp', '1', 0, '1', 'Food', '4', '', 77, 0, 0, '', '', '8df8afe'),
(516, 94, 'Mida', '4', 0, '1', 'Food', '4', '', 77, 0, 0, '', '', '36b0067'),
(517, 94, 'Mida', '1', 0, '1', 'Food', '4', '', 77, 0, 0, '', '', 'dbe6a99'),
(518, 7, 'Poha', '5', 0, '12', 'Food', '4', '', 77, 0, 0, '', '', '3fabbda'),
(519, 9, 'Rawa', '1', 0, '1', 'Food', '4', '', 77, 0, 0, '', '', 'f2f69dd'),
(1094, 93, 'Aata', '1', 0, '1', 'Food', '4', '', 77, 0, 0, '', '', '9988dfa'),
(1095, 7, 'Poha', '6', 0, '12', 'Food', '4', '', 77, 0, 0, '', '', '9bfc0a8'),
(1096, 93, 'Aata', '1', 0, '1', 'Food', '4', '', 77, 0, 0, '', '', 'd932602'),
(1097, 93, 'Aata', '1', 0, '1', 'Food', '4', '', 77, 0, 0, '', '', '6151afc'),
(1098, 93, 'Aata', '1', 0, '1', 'Food', '4', '', 77, 0, 0, '', '', '7c1bba4'),
(1877, 98, 'Oatmeal Crisp', '1', 0, '2', 'Food', '4', '', 77, 0, 0, '', '', 'a216b4d'),
(1878, 93, 'Aata', '1', 0, '1', 'Food', '4', '', 77, 0, 0, '', '', '1ab2823'),
(1879, 95, 'Oat Milk', '1', 0, '1', 'Food', '4', '', 77, 0, 0, '', '', 'be7cc56'),
(1880, 93, 'Aata', '5', 0, '2', 'Food', '4', '', 77, 0, 0, '', '', 'be7cc56'),
(1881, 95, 'Oat Milk', '1', 0, '1', 'Food', '4', '', 77, 0, 0, '', '', 'f4ce719'),
(1882, 93, 'Aata', '5', 0, '2', 'Food', '4', '', 77, 0, 0, '', '', 'f4ce719'),
(1883, 95, 'Oat Milk', '1', 0, '1', 'Food', '4', '', 77, 0, 0, '', '', '40a0730'),
(1884, 93, 'Aata', '5', 0, '2', 'Food', '4', '', 77, 0, 0, '', '', '40a0730'),
(1886, 399, 'African Daisy Flower', '1', 0, '1', 'Events', '1', '', 77, 0, 0, '', '', '88a7ceb'),
(1887, 408, 'Niddle 1cm', '1', 0, '2', 'Events', '1', '', 77, 0, 0, '', '', '88a7ceb'),
(1888, 429, 'Mango juice', '1', 0, '1', 'Events', '1', '', 77, 0, 0, '', '', '88a7ceb'),
(1889, 400, 'Agapanthus Flower', '4', 0, '2', 'Food', '4', '', 77, 0, 0, '', '', 'c76b1c2'),
(1890, 99, 'Oatmeal Toffee Cookies', '6', 0, '12', 'Food', '4', '', 77, 0, 0, '', '', 'e38c04e'),
(1891, 103, 'dumballs', '6', 0, '12', 'Sports', '1', '', 77, 0, 0, '', '', '0dfa973'),
(1892, 105, 'Heavy Rod 2 Meters', '13', 0, '12', 'Sports', '1', '', 77, 0, 0, '', '', '13ce818'),
(1893, 390, 'MACA Health Powder Weight grow', '8', 0, '12', 'Sports', '1', '', 77, 0, 0, '', '', '14a34ba'),
(1894, 383, 'Patanjali chyawanprash ', '6', 0, '12', 'Body', '4', '', 77, 0, 0, '', '', '0e42a04'),
(1895, 7, 'Poha', '2', 0, '23', 'Food', '4', '', 77, 0, 0, '', '', 'b253bb9'),
(1896, 7, 'Poha', '2', 0, '23', 'Food', '4', '', 77, 0, 0, '', '', '9873611'),
(1897, 95, 'Oat Milk', '1', 0, '1', 'Food', '4', '', 77, 0, 0, '', '', 'c294cb6'),
(1898, 7, 'Poha', '3', 0, '12', 'Food', '4', '', 77, 0, 0, '', '', '75b9307'),
(1899, 101, 'Oats', '1', 0, '1', 'Food', '4', '', 77, 0, 0, '', '', '60913f7'),
(1900, 7, 'Poha', '5', 0, '2', 'Food', '4', '', 77, 0, 0, '', '', 'fee0a21'),
(1901, 98, 'Oatmeal Crisp', '7', 0, '12', 'Food', '4', '', 77, 0, 0, '', '', 'f8bbb26'),
(1902, 98, 'Oatmeal Crisp', '5', 0, '', '', '1', '', 77, 0, 0, '', '', '7b298ea'),
(1903, 98, 'Oatmeal Crisp', '5', 0, '', '', '1', '', 77, 0, 0, '', '', '7b298ea'),
(1904, 98, 'Oatmeal Crisp', '5', 0, '', '', '1', '', 77, 0, 0, '', '', '7b298ea'),
(1905, 98, 'Oatmeal Crisp', '5', 0, '', '', '1', '', 77, 0, 0, '', '', '5705769'),
(1906, 98, 'Oatmeal Crisp', '5', 0, '', '', '1', '', 77, 0, 0, '', '', '5705769'),
(1907, 98, 'Oatmeal Crisp', '5', 0, '', '', '1', '', 77, 0, 0, '', '', '5705769'),
(1908, 98, 'Oatmeal Crisp', '5', 0, '', '', '1', '', 77, 0, 0, '', '', '7dd7d36'),
(1909, 98, 'Oatmeal Crisp', '5', 0, '', '', '1', '', 77, 0, 0, '', '', '7dd7d36'),
(1910, 98, 'Oatmeal Crisp', '5', 0, '', '', '1', '', 77, 0, 0, '', '', '7dd7d36'),
(1911, 98, 'Oatmeal Crisp', '2', 0, '9', 'Food', '4', '', 77, 0, 0, '', '', 'a1d5c5c'),
(1912, 98, 'Oatmeal Crisp', '7', 0, '12', 'Food', '4', '', 77, 0, 0, '', '', '098e931'),
(1913, 102, 'Cracklin Oat Bran', '4', 0, '32', 'Food', '4', '', 77, 0, 0, '', '', '1a4e953'),
(1914, 98, 'Oatmeal Crisp', '5', 0, '12', 'Food', '4', '', 77, 0, 0, '', '', 'f9ba625'),
(1915, 95, 'Oat Milk', '4', 0, '12', 'Food', '4', '', 77, 0, 0, '', '', 'c23eb44'),
(1916, 98, 'Oatmeal Crisp', '6', 0, '21', 'Food', '4', '', 77, 0, 0, '', '', '23b7400'),
(1917, 98, 'Oatmeal Crisp', '7', 0, '5', 'Food', '4', '', 77, 0, 0, '', '', '02989f5'),
(1918, 102, 'Cracklin Oat Bran', '5', 0, '2', 'Food', '4', '', 77, 0, 0, '', '', '02989f5'),
(1919, 102, 'Cracklin Oat Bran', '2', 0, '2', 'Food', '4', '', 77, 0, 0, '', '', 'b33739f'),
(1920, 95, 'Oat Milk', '1', 0, '1', 'Food', '4', '', 77, 0, 0, '', '', 'a92912b'),
(1921, 98, 'Oatmeal Crisp', '1', 0, '1', 'Food', '4', '', 77, 0, 0, '', '', 'a92912b'),
(1922, 98, 'Oatmeal Crisp', '4', 0, '12', 'Food', '4', '', 77, 0, 0, '', '', '9b26a6d'),
(1923, 98, 'Oatmeal Crisp', '4', 0, '54', 'Food', '4', '', 77, 0, 0, '', '', 'fd2ba1c'),
(1924, 98, 'Oatmeal Crisp', '7', 0, '12', 'Food', '4', '', 77, 0, 0, '', '', '2f5d58e'),
(1925, 102, 'Cracklin Oat Bran', '10', 0, '12', 'Food', '4', '', 77, 0, 0, '', '', '2f5d58e'),
(1926, 97, 'Oatmeal', '1', 0, '1', 'Food', '4', '', 77, 0, 0, '', '', '75323ae'),
(1927, 101, 'Oats', '1', 0, '1', 'Food', '4', '', 77, 0, 0, '', '', '75323ae'),
(1928, 102, 'Cracklin Oat Bran', '4', 0, '5', 'Food', '4', '', 77, 0, 0, '', '', '8b486dd'),
(1929, 94, 'Mida', '1', 0, '1', 'Food', '4', '', 77, 0, 0, '', '', '8b486dd'),
(1930, 99, 'Oatmeal Toffee Cookies', '1', 0, '3', 'Food', '4', '', 77, 0, 0, '', '', '8b486dd'),
(1931, 102, 'Cracklin Oat Bran', '1', 0, '1', 'Food', '4', '', 77, 0, 0, '', '', '795bdaa'),
(1932, 94, 'Mida', '1', 0, '1', 'Food', '4', '', 77, 0, 0, '', '', 'e809b89'),
(1933, 94, 'Mida', '1', 0, '2', 'Food', '4', '', 77, 0, 0, '', '', '544ded2'),
(1934, 383, 'Patanjali chyawanprash ', '1', 0, '1', 'Body', '4', '', 77, 0, 0, '', '', '9a2a454'),
(1935, 94, 'Mida', '1', 0, '1', 'Food', '4', '', 77, 0, 0, '', '', 'fbca5cd'),
(1936, 93, 'Aata', '5', 0, '2', 'Food', '4', '', 77, 0, 0, '', '', '85e1eb5'),
(1937, 93, 'Aata', '5', 0, '2', 'Food', '4', '', 77, 0, 0, '', '', '34fd18e'),
(1938, 93, 'Aata', '6', 0, '12', 'Food', '4', '', 77, 0, 0, '', '', 'ae20b21'),
(1939, 100, 'Oatmeal Stout', '10', 0, '12', 'Food', '4', '', 77, 0, 0, '', '', '55a76ab'),
(1940, 95, 'Oat Milk', '15', 0, '12', 'Food', '4', '', 77, 0, 0, '', '', '55a76ab'),
(1941, 98, 'Oatmeal Crisp', '7', 0, '12', 'Food', '4', '', 77, 0, 0, '', '', '3214845'),
(1942, 95, 'Oat Milk', '1', 0, '1', 'Food', '4', '', 77, 0, 0, '', '', '49d34a0'),
(1943, 9, 'Rawa', '1', 0, '2', 'Food', '4', '', 77, 0, 0, '', '', '49d34a0'),
(1944, 94, 'Mida', '1', 0, '1', 'Food', '4', '', 77, 0, 0, '', '', '51407b4'),
(1945, 96, 'Oatmeal Cookie', '2', 0, '1', 'Food', '4', '', 77, 0, 0, '', '', '51407b4'),
(1946, 381, 'multani mitti', '2', 0, '1', 'Body', '4', '', 77, 0, 0, '', '', 'a6f9c14'),
(1947, 97, 'Oatmeal', '1', 0, '1', 'Food', '4', '', 77, 0, 0, '', '', 'd40ac4a'),
(1948, 102, 'Cracklin Oat Bran', '4', 0, '36', 'Food', '4', '', 77, 0, 0, '', '', '75ecf23'),
(1949, 98, 'Oatmeal Crisp', '5', 0, '12', 'Food', '4', '', 77, 0, 0, '', '', 'd1201d9'),
(1950, 93, 'Aata', '13', 0, '12', 'Food', '4', '', 77, 0, 0, '', '', '17a17cc'),
(1951, 98, 'Oatmeal Crisp', '3', 0, '12', 'Food', '4', '', 77, 0, 0, '', '', '6c8b275'),
(1952, 95, 'Oat Milk', '4', 0, '12', 'Food', '4', '', 77, 0, 0, '', '', '2f89f79'),
(1953, 98, 'Oatmeal Crisp', '3', 0, '12', 'Food', '4', '', 77, 0, 0, '', '', 'ce56fd3'),
(1954, 98, 'Oatmeal Crisp', '4', 0, '12', 'Food', '4', '', 77, 0, 0, '', '', '8e877b8'),
(1955, 97, 'Oatmeal', '1', 0, '3', 'Food', '4', '', 77, 0, 0, '', '', '9ab4ecb'),
(1956, 98, 'Oatmeal Crisp', '4', 0, '12', 'Food', '4', '', 77, 0, 0, '', '', '4f12145'),
(1957, 94, 'Mida', '1', 0, '1', 'Food', '4', '', 77, 0, 0, '', '', 'a7b857f'),
(1958, 98, 'Oatmeal Crisp', '4', 0, '12', 'Food', '4', '', 77, 0, 0, '', '', '8f4cd0e'),
(1959, 102, 'Cracklin Oat Bran', '1', 0, '1', 'Food', '4', '', 77, 0, 0, '', '', '52191ee'),
(1960, 98, 'Oatmeal Crisp', '7', 0, '12', 'Food', '4', '', 77, 0, 0, '', '', 'a89ce59'),
(1961, 94, 'Mida', '20', 0, '12', 'Food', '4', '', 77, 0, 0, '', '', '2dff720'),
(1962, 98, 'Oatmeal Crisp', '5', 0, '12', 'Food', '4', '', 77, 0, 0, '', '', '2a2a0de'),
(1963, 95, 'Oat Milk', '1', 0, '1', 'Food', '4', '', 77, 0, 0, '', '', 'b813127'),
(1964, 93, 'Aata', '1', 0, '2', 'Food', '4', '', 77, 0, 0, '', '', 'b58b468'),
(1965, 102, 'Cracklin Oat Bran', '1', 0, '2', 'Food', '4', '', 77, 0, 0, '', '', '5d103c6'),
(1966, 94, 'Mida', '1', 0, '3', 'Food', '4', '', 77, 0, 0, '', '', '8b35418'),
(1967, 93, 'Aata', '5', 0, '12', 'Food', '4', '', 77, 0, 0, '', '', 'd5e13fd'),
(1968, 94, 'Mida', '1', 0, '1', 'Food', '4', '', 77, 0, 0, '', '', 'f661b44'),
(1969, 94, 'Mida', '1', 0, '1', 'Food', '4', '', 77, 0, 0, '', '', '0cbb5e1'),
(1970, 96, 'Oatmeal Cookie', '2', 0, '3', 'Food', '4', '', 77, 0, 0, '', '', '1dbdfaa'),
(1971, 95, 'Oat Milk', '1', 0, '2', 'Food', '4', '', 77, 0, 0, '', '', 'b6f1844'),
(1972, 102, 'Cracklin Oat Bran', '7', 0, '12', 'Food', '4', '', 77, 0, 0, '', '', '7cd3721'),
(1973, 98, 'Oatmeal Crisp', '13', 0, '12', 'Food', '4', '', 77, 0, 0, '', '', 'f8df9f2'),
(1974, 98, 'Oatmeal Crisp', '13', 0, '12', 'Food', '4', '', 77, 0, 0, '', '', 'a998c59'),
(1975, 98, 'Oatmeal Crisp', '5', 0, '12', 'Food', '4', '', 77, 0, 0, '', '', '551454b'),
(1976, 98, 'Oatmeal Crisp', '3', 0, '12', 'Food', '4', '', 77, 0, 0, '', '', '0ef0307'),
(1977, 98, 'Oatmeal Crisp', '4', 0, '12', 'Food', '4', '', 77, 0, 0, '', '', '48ae913'),
(1978, 102, 'Cracklin Oat Bran', '4', 0, '12', 'Food', '4', '', 77, 0, 0, '', '', '3b0c0da'),
(1979, 102, 'Cracklin Oat Bran', '6', 0, '12', 'Food', '4', '', 77, 0, 0, '', '', '135d078'),
(1980, 98, 'Oatmeal Crisp', '4', 0, '12', 'Food', '4', '', 77, 0, 0, '', '', 'e8977af'),
(1981, 98, 'Oatmeal Crisp', '5', 0, '12', 'Food', '4', '', 77, 0, 0, '', '', '2b0ae1f'),
(1982, 93, 'Aata', '5', 0, '12', 'Food', '4', '', 77, 0, 0, '', '', 'ca65338'),
(1983, 98, 'Oatmeal Crisp', '5', 0, '12', 'Food', '4', '', 77, 0, 0, '', '', 'b7345e4'),
(1984, 422, 'Amana Desh wash soap', '5', 0, '12', 'Cleaning', '1', '', 77, 0, 0, '', '', '197ad97'),
(1985, 98, 'Oatmeal Crisp', '3', 0, '2', 'Food', '4', '', 77, 0, 0, '', '', 'd69325b'),
(1986, 99, 'Oatmeal Toffee Cookies', '5', 0, '2', 'Food', '4', '', 77, 0, 0, '', '', 'd69325b'),
(1987, 422, 'Amana Desh wash soap', '4', 0, '12', 'Cleaning', '1', '', 77, 0, 0, '', '', '29ee676'),
(1988, 419, 'Maytag Desh wash soap', '5', 0, '2', 'Cleaning', '1', '', 77, 0, 0, '', '', '8675432'),
(1989, 152, 'Rin soap for cloth watch', '6', 0, '2', 'Cleaning', '1', '', 77, 0, 0, '', '', '8675432'),
(1990, 105, 'Heavy Rod 2 Meters', '4', 0, '2', 'Sports', '1', '', 77, 0, 0, '', '', '11705bc'),
(1991, 385, 'Natural chyawanprash', '4', 0, '2', 'Body', '4', '', 77, 0, 0, '', '', 'afd47f8'),
(1992, 424, 'Chocolate Cake', '5', 0, '2', 'Events', '1', '', 77, 0, 0, '', '', '28197b7'),
(1993, 405, ' 2ft Straight Rod', '5', 0, '23', 'Sports', '1', '', 77, 0, 0, '', '', '8b82135'),
(1994, 399, 'African Daisy Flower', '5', 0, '12', 'Event', '1', '', 77, 0, 0, '', '', 'b2bf1ea'),
(1995, 98, 'Oatmeal Crisp', '4', 0, '12', 'Food', '4', '', 77, 0, 0, '', '', '281dbe3'),
(1996, 422, 'Amana Desh wash soap', '4', 0, '12', 'Cleaning', '1', '', 77, 0, 0, '', '', 'fe02664'),
(1997, 382, 'Cottan', '1', 0, '1', 'Body', '4', '', 77, 0, 0, '', '', '399e7dd'),
(1998, 104, 'Heavy Rod 1 Meters', '5', 0, '2', 'Sports', '1', '', 77, 0, 0, '', '', '4681655'),
(1999, 104, 'Heavy Rod 1 Meters', '5', 0, '2', 'Sports', '1', '', 77, 0, 0, '', '', 'dc6ddeb'),
(2000, 104, 'Heavy Rod 1 Meters', '5', 0, '2', 'Sports', '1', '', 77, 0, 0, '', '', 'c458244'),
(2001, 400, 'Agapanthus Flower', '3', 0, '12', 'Event', '1', '', 77, 0, 0, '', '', '67ce625'),
(2002, 399, 'African Daisy Flower', '4', 0, '12', 'Event', '1', '', 77, 0, 0, '', '', '8ae6c04'),
(2003, 104, 'Heavy Rod 1 Meters', '5', 0, '2', 'Sports', '1', '', 77, 0, 0, '', '', 'e184530'),
(2004, 381, 'multani mitti', '2', 0, '1', 'Body', '4', '', 77, 0, 0, '', '', 'e10c500'),
(2005, 405, ' 2ft Straight Rod', '4', 0, '1', 'Sports', '1', '', 77, 0, 0, '', '', 'bb70448'),
(2006, 382, 'Cottan', '4', 0, '2', 'Body', '4', '', 77, 0, 0, '', '', 'f663c6c'),
(2007, 382, 'Cottan', '4', 0, '2', 'Body', '4', '', 77, 0, 0, '', '', 'b6e89fc'),
(2012, 7, 'Poha', '7', 0, '', 'aaadsfdsfaa', '1', '', 77, 0, 0, '', '', 'db49fd0'),
(2013, 7, 'Poha', '7', 0, '', 'aaadsfdsfaa', '1', '', 77, 0, 0, '', '', 'db49fd0'),
(2014, 102, 'Cracklin Oat Bran', '6', 0, '12', 'Food', '4', '', 77, 0, 0, '', '', '151d57f'),
(2015, 102, 'Cracklin Oat Bran', 'GRAM', 0, '12', 'Food', '4', '', 77, 0, 0, '', '', '0468b6e'),
(2016, 422, 'Amana Desh wash soap', '', 0, '3', 'Cleaning', '', '', 77, 0, 0, '', '', 'e250ad8'),
(2017, 94, 'Mida', '', 0, '2', 'Food', '4', '', 77, 0, 0, '', '', 'b964fde'),
(2018, 101, 'Oats', '', 0, '1', 'Food', '4', '', 77, 0, 0, '', '', 'b19cbb0'),
(2019, 96, 'Oatmeal Cookie', 'POUND', 0, '2', 'Food', '4', '', 77, 0, 0, '', '', '536c591'),
(2020, 102, 'Cracklin Oat Bran', 'KG', 0, '1', 'Food', '4', '', 77, 0, 0, '', '', 'dd13818'),
(2021, 102, 'Cracklin Oat Bran', 'GRAM', 0, '9', 'Food', '4', '', 77, 0, 0, '', '', '2e9b59a'),
(2022, 102, 'Cracklin Oat Bran', 'GRAM', 0, '68', 'Food', '4', '', 77, 0, 0, '', '', '2e9b59a'),
(2023, 102, 'Cracklin Oat Bran', 'GRAM', 0, '9', 'Food', '4', '', 77, 0, 0, '', '', '987fe1e'),
(2024, 102, 'Cracklin Oat Bran', 'GRAM', 0, '68', 'Food', '4', '', 77, 0, 0, '', '', '987fe1e'),
(2025, 93, 'Aata', 'KG', 0, '1', 'Food', '4', '', 77, 0, 0, '', '', '987fe1e'),
(2026, 101, 'Oats', '', 0, '1', 'Food', '4', '', 77, 0, 0, '', '', '5ebc863'),
(2027, 405, ' 2ft Straight Rod', '6', 0, '12', 'Sports', '', '', 77, 0, 0, '', '', 'ec01150'),
(2028, 93, 'Aata', 'KG', 0, '12', 'Food', '4', '', 77, 0, 0, '', '', '2c2c7eb'),
(2029, 98, 'Oatmeal Crisp', 'POUND', 0, '12', 'Food', '4', '', 77, 0, 0, '', '', '68ff136'),
(2030, 93, 'Aata', 'KG', 0, '12', 'Food', '4', '', 77, 0, 0, '', '', 'cc52833'),
(2031, 102, 'Cracklin Oat Bran', 'GRAM', 0, '22', 'Food', '4', '', 77, 0, 0, '', '', '4777304'),
(2032, 7, 'Poha', '', 0, '12', 'Food', '4', '', 77, 0, 0, '', '', 'abdf97b'),
(2033, 8, 'Ghee', '', 0, '1', 'Food', '4', '', 77, 0, 0, '', '', '323d338'),
(2034, 102, 'Cracklin Oat Bran', 'GRAM', 0, '1', 'Food', '4', '', 77, 0, 0, '', '', 'b089168'),
(2035, 98, 'Oatmeal Crisp', 'POUND', 0, '12', 'Food', '4', '', 77, 0, 0, '', '', '8f77b30'),
(2036, 98, 'Oatmeal Crisp', 'POUND', 0, '12', 'Food', '4', '', 77, 0, 0, '', '', '2f56222'),
(2037, 98, 'Oatmeal Crisp', 'POUND', 0, '1', 'Food', '4', '', 77, 0, 0, '', '', 'cf73ba0'),
(2038, 98, 'Oatmeal Crisp', 'POUND', 0, '12', 'Food', '4', '', 77, 0, 0, '', '', '70b9370'),
(2039, 94, 'Mida', 'KG', 0, '2', 'Food', '4', '', 77, 0, 0, '', '', 'd0966cd'),
(2040, 102, 'Cracklin Oat Bran', 'GRAM', 0, '1', 'Food', '4', '', 77, 0, 0, '', '', '478f2b3'),
(2041, 98, 'Oatmeal Crisp', 'POUND', 0, '12', 'Food', '4', '', 77, 0, 0, '', '', '69417ef'),
(2042, 101, 'Oats', 'POUND', 0, '1', 'Food', '4', '', 77, 0, 0, '', '', '4a37801'),
(2043, 101, 'Oats', 'POUND', 0, '1', 'Food', '4', '', 77, 0, 0, '', '', 'c31157f'),
(2044, 101, 'Oats', 'POUND', 0, '1', 'Food', '4', '', 77, 0, 0, '', '', 'c58b0ec'),
(2045, 101, 'Oats', 'POUND', 0, '3', 'Food', '4', '', 77, 0, 0, '', '', '3b2a736'),
(2046, 93, 'Aata', 'KG', 0, '1', 'Food', '4', '', 77, 0, 0, '', '', '4bc3497'),
(2047, 101, 'Oats', 'POUND', 0, '11', 'Food', '4', '', 77, 0, 0, '', '', 'b912460'),
(2048, 101, 'Oats', 'POUND', 0, '12', 'Food', '4', '', 77, 0, 0, '', '', '18d0fd3'),
(2049, 102, 'Cracklin Oat Bran', 'GRAM', 0, '1', 'Food', '4', '', 77, 0, 0, '', '', '4328f75'),
(2050, 101, 'Oats', 'POUND', 0, '11', 'Food', '4', '', 77, 0, 0, '', '', '6a9c8f2'),
(2051, 101, 'Oats', 'POUND', 0, '2', 'Food', '4', '', 77, 0, 0, '', '', 'e1da551'),
(2052, 101, 'Oats', 'POUND', 0, '2', 'Food', '4', '', 77, 0, 0, '', '', 'ebfb1db'),
(2053, 101, 'Oats', 'POUND', 0, '11', 'Food', '4', '', 77, 0, 0, '', '', 'd775142'),
(2054, 9, 'Rawa', 'KG', 0, '2', 'Food', '4', '', 77, 0, 0, '', '', '6f20459'),
(2055, 101, 'Oats', 'POUND', 0, '11', 'Food', '4', '', 77, 0, 0, '', '', 'a6562ce'),
(2056, 101, 'Oats', 'POUND', 0, '2', 'Food', '4', '', 77, 0, 0, '', '', '5b70976'),
(2057, 101, 'Oats', 'POUND', 0, '12', 'Food', '4', '', 77, 0, 0, '', '', 'e017dbc'),
(2058, 101, 'Oats', 'POUND', 0, '3', 'Food', '4', '', 77, 0, 0, '', '', 'aafb9ea'),
(2059, 101, 'Oats', 'POUND', 0, '1', 'Food', '4', '', 77, 0, 0, '', '', '0e77e0c'),
(2060, 99, 'Oatmeal Toffee Cookies', 'POUND', 0, '2', 'Food', '4', '', 77, 0, 0, '', '', 'dfa0658'),
(2061, 101, 'Oats', 'POUND', 0, '22', 'Food', '4', '', 77, 0, 0, '', '', 'b61d816'),
(2062, 101, 'Oats', 'POUND', 0, '3', 'Food', '4', '', 77, 0, 0, '', '', 'be8bdde'),
(2063, 93, 'Aata', 'KG', 0, '1', 'Food', '4', '', 77, 0, 0, '', '', '075e87b'),
(2064, 99, 'Oatmeal Toffee Cookies', 'POUND', 0, '1', 'Food', '4', '', 77, 0, 0, '', '', 'bdded39'),
(2065, 94, 'Mida', 'KG', 0, '2', 'Food', '4', '', 77, 0, 0, '', '', '5044e08'),
(2066, 94, 'Mida', 'KG', 0, '2', 'Food', '4', '', 77, 0, 0, '', '', '7af52f4'),
(2067, 94, 'Mida', 'KG', 0, '2', 'Food', '4', '', 77, 0, 0, '', '', 'cd7c471'),
(2068, 94, 'Mida', 'KG', 0, '2', 'Food', '4', '', 77, 0, 0, '', '', 'a68e5a6'),
(2069, 101, 'Oats', 'POUND', 0, '33', 'Food', '4', '', 77, 0, 0, '', '', 'a68e5a6'),
(2070, 94, 'Mida', 'KG', 0, '2', 'Food', '4', '', 77, 0, 0, '', '', 'c8d6743'),
(2071, 101, 'Oats', 'POUND', 0, '33', 'Food', '4', '', 77, 0, 0, '', '', 'c8d6743'),
(2072, 94, 'Mida', 'KG', 0, '2', 'Food', '4', '', 77, 0, 0, '', '', '9001898'),
(2073, 101, 'Oats', 'POUND', 0, '33', 'Food', '4', '', 77, 0, 0, '', '', '9001898'),
(2074, 94, 'Mida', 'KG', 0, '2', 'Food', '4', '', 77, 0, 0, '', '', '9d295e6'),
(2075, 101, 'Oats', 'POUND', 0, '33', 'Food', '4', '', 77, 0, 0, '', '', '9d295e6'),
(2076, 101, 'Oats', 'POUND', 0, '2', 'Food', '4', '', 77, 0, 0, '', '', '777e2c9'),
(2077, 94, 'Mida', 'KG', 0, '2', 'Food', '4', '', 77, 0, 0, '', '', 'df43037'),
(2078, 102, 'Cracklin Oat Bran', 'GRAM', 0, '12', 'Food', '4', '', 77, 0, 0, '', '', 'd62309e'),
(2079, 93, 'Aata', 'KG', 0, '12', 'Food', '4', '', 77, 0, 0, '', '', 'e8515e8'),
(2080, 93, 'Aata', 'KG', 0, '1', 'Food', '4', '', 77, 0, 0, '', '', '39d00c6'),
(2081, 93, 'Aata', 'KG', 0, '12', 'Food', '4', '', 77, 0, 0, '', '', '9de7031'),
(2082, 93, 'Aata', 'KG', 0, '12', 'Food', '4', '', 77, 0, 0, '', '', 'b24dc9d'),
(2083, 93, 'Aata', 'KG', 0, '12', 'Food', '4', '', 77, 0, 0, '', '', 'ef84344'),
(2084, 93, 'Aata', 'KG', 0, '11', 'Food', '4', '', 77, 0, 0, '', '', 'bcfcdfa'),
(2085, 102, 'Cracklin Oat Bran', 'GRAM', 0, '2', 'Food', '4', '', 77, 0, 0, '', '', '03e2797'),
(2086, 102, 'Cracklin Oat Bran', 'GRAM', 0, '12', 'Food', '4', '', 77, 0, 0, '', '', '4c3023b'),
(2087, 102, 'Cracklin Oat Bran', 'GRAM', 0, '2', 'Food', '4', '', 77, 0, 0, '', '', '18029e1'),
(2088, 98, 'Oatmeal Crisp', 'POUND', 0, '1', 'Food', '4', '', 77, 0, 0, '', '', 'b658a33'),
(2089, 102, 'Cracklin Oat Bran', 'GRAM', 0, '12', 'Food', '4', '', 77, 0, 0, '', '', '635ed49'),
(2090, 102, 'Cracklin Oat Bran', 'GRAM', 0, '12', 'Food', '4', '', 77, 0, 0, '', '', '98ab32b'),
(2091, 102, 'Cracklin Oat Bran', 'GRAM', 0, '12', 'Food', '4', '', 77, 0, 0, '', '', '87ce0af'),
(2092, 102, 'Cracklin Oat Bran', 'GRAM', 0, '8', 'Food', '4', '', 77, 0, 0, '', '', 'febd8e9'),
(2093, 102, 'Cracklin Oat Bran', 'GRAM', 0, '12', 'Food', '4', '', 77, 0, 0, '', '', 'ac6ac03'),
(2094, 93, 'Aata', 'KG', 0, '12', 'Food', '4', '', 77, 0, 0, '', '', 'd10a3ef'),
(2095, 94, 'Mida', 'KG', 0, '23', 'Food', '4', '', 77, 0, 0, '', '', 'd10a3ef'),
(2096, 94, 'Mida', 'KG', 0, '11', 'Food', '4', '', 77, 0, 0, '', '', 'd456a7f'),
(2097, 94, 'Mida', 'KG', 0, '12', 'Food', '4', '', 77, 0, 0, '', '', 'd31eeb2'),
(2098, 94, 'Mida', 'KG', 0, '98', 'Food', '4', '', 77, 0, 0, '', '', '3c66e09'),
(2099, 98, 'Oatmeal Crisp', 'POUND', 0, '2', 'Food', '4', '', 77, 0, 0, '', '', '14282f4'),
(2100, 102, 'Cracklin Oat Bran', 'GRAM', 0, '2', 'Food', '4', '', 77, 0, 0, '', '', '136e2d7'),
(2101, 94, 'Mida', 'KG', 0, '12', 'Food', '4', '', 77, 0, 0, '', '', '136e2d7'),
(2102, 93, 'Aata', 'KG', 0, '1', 'Food', '4', '', 77, 0, 0, '', '', '136e2d7'),
(2103, 94, 'Mida', 'KG', 0, '1', 'Food', '4', '', 77, 0, 0, '', '', '20bc163'),
(2104, 95, 'Oat Milk', 'LITERS', 0, '2', 'Food', '4', '', 77, 0, 0, '', '', '20bc163'),
(2105, 93, 'Aata', 'KG', 0, '2', 'Food', '4', '', 77, 0, 0, '', '', '20bc163'),
(2106, 94, 'Mida', 'KG', 0, '1', 'Food', '4', '', 77, 0, 0, '', '', '9b221cf'),
(2107, 95, 'Oat Milk', 'LITERS', 0, '2', 'Food', '4', '', 77, 0, 0, '', '', '9b221cf'),
(2108, 93, 'Aata', 'KG', 0, '2', 'Food', '4', '', 77, 0, 0, '', '', '9b221cf'),
(2109, 94, 'Mida', 'KG', 0, '1', 'Food', '4', '', 77, 0, 0, '', '', '5405eaa'),
(2110, 97, 'Oatmeal', 'KG', 0, '12', 'Food', '4', '', 77, 0, 0, '', '', '5405eaa'),
(2111, 101, 'Oats', 'POUND', 0, '32', 'Food', '4', '', 77, 0, 0, '', '', '5405eaa'),
(2112, 94, 'Mida', 'KG', 0, '1', 'Food', '4', '', 77, 0, 0, '', '', 'fb6e287'),
(2113, 97, 'Oatmeal', 'KG', 0, '12', 'Food', '4', '', 77, 0, 0, '', '', 'fb6e287'),
(2114, 101, 'Oats', 'POUND', 0, '32', 'Food', '4', '', 77, 0, 0, '', '', 'fb6e287'),
(2115, 9, 'Rawa', 'KG', 0, '1', 'Food', '4', '', 77, 0, 0, '', '', 'fb6e287'),
(2116, 98, 'Oatmeal Crisp', 'POUND', 0, '11', 'Food', '4', '', 77, 0, 0, '', '', 'fb6e287'),
(2117, 99, 'Oatmeal Toffee Cookies', 'POUND', 0, '14', 'Food', '4', '', 77, 0, 0, '', '', 'fb6e287'),
(2118, 99, 'Oatmeal Toffee Cookies', 'POUND', 0, '2', 'Food', '4', '', 77, 0, 0, '', '', 'fb6e287'),
(2119, 98, 'Oatmeal Crisp', 'POUND', 0, '11', 'Food', '4', '', 77, 0, 0, '', '', 'fb6e287'),
(2120, 99, 'Oatmeal Toffee Cookies', 'POUND', 0, '2', 'Food', '4', '', 77, 0, 0, '', '', 'fb6e287'),
(2122, 102, 'Cracklin Oat Bran', 'GRAM', 0, '12', 'Food', '4', '', 77, 0, 0, '', '', 'ce21fa1'),
(2123, 95, 'Oat Milk', 'LITERS', 0, '12', 'Food', '4', '', 77, 0, 0, '', '', 'ce21fa1'),
(2124, 93, 'Aata', 'KG', 0, '12', 'Food', '4', '', 77, 0, 0, '', '', 'ce21fa1'),
(2128, 102, 'Cracklin Oat Bran', 'GRAM', 0, '12', 'Food', '4', '', 77, 0, 0, '', '', '159d97d'),
(2129, 93, 'Aata', 'KG', 0, '4', 'Food', '4', '', 77, 0, 0, '', '', 'f844ec4'),
(2130, 94, 'Mida', 'KG', 0, '4', 'Food', '4', '', 77, 0, 0, '', '', 'f844ec4'),
(2131, 98, 'Oatmeal Crisp', 'POUND', 0, '1', 'Food', '4', '', 77, 0, 0, '', '', 'f844ec4'),
(2132, 102, 'Cracklin Oat Bran', 'GRAM', 0, '1', 'Food', '', '', 77, 0, 0, '', '', 'a360631'),
(2133, 96, 'Oatmeal Cookie', 'POUND', 0, '2', 'Food', '', '', 77, 0, 0, '', '', 'a360631'),
(2134, 98, 'Oatmeal Crisp', 'POUND', 0, '1', 'Food', '', '', 77, 0, 0, '', '', 'a360631'),
(2135, 95, 'Oat Milk', 'LITERS', 0, '1', 'Food', '', '', 77, 0, 0, '', '', 'a360631'),
(2136, 102, 'Cracklin Oat Bran', 'GRAM', 0, '12', 'Food', '', '', 77, 0, 0, '', '', '0063929'),
(2137, 95, 'Oat Milk', 'LITERS', 0, '1', 'Food', '', '', 77, 0, 0, '', '', '63386ca'),
(2138, 95, 'Oat Milk', 'LITERS', 0, '9', 'Food', '', '', 77, 0, 0, '', '', 'ff46770'),
(2139, 102, 'Cracklin Oat Bran', 'GRAM', 0, '12', 'Food', '', '', 77, 0, 0, '', '', '6dec1de'),
(2140, 102, 'Cracklin Oat Bran', 'GRAM', 0, '12', 'Food', '', '', 77, 0, 0, '', '', '9ad930b'),
(2141, 95, 'Oat Milk', 'LITERS', 0, '3', 'Food', '', '', 77, 0, 0, '', '', '0b95a20'),
(2142, 99, 'Oatmeal Toffee Cookies', 'POUND', 0, '5', 'Food', '', '', 77, 0, 0, '', '', '0b95a20'),
(2143, 96, 'Oatmeal Cookie', 'POUND', 0, '3', 'Food', '', '', 77, 0, 0, '', '', '0b95a20'),
(2144, 102, 'Cracklin Oat Bran', 'GRAM', 0, '12', 'Food', '', '', 77, 0, 0, '', '', '0881816'),
(2145, 102, 'Cracklin Oat Bran', 'GRAM', 0, '12', 'Food', '', '', 77, 0, 0, '', '', '4623882'),
(2146, 97, 'Oatmeal', 'KG', 0, '2', 'Food', '', '', 77, 0, 0, '', '', 'e3ee74d'),
(2147, 94, 'Mida', 'KG', 0, '2', 'Food', '', '', 77, 0, 0, '', '', '8632b6c'),
(2148, 102, 'Cracklin Oat Bran', 'GRAM', 0, '12', 'Food', '', '', 77, 0, 0, '', '', '2e330da');

-- --------------------------------------------------------

--
-- Table structure for table `tbl_recipe`
--

CREATE TABLE `tbl_recipe` (
  `recipe_id` int(11) NOT NULL,
  `product_name` varchar(100) NOT NULL,
  `product_title` varchar(100) NOT NULL,
  `product_description` varchar(100) NOT NULL,
  `date` varchar(100) NOT NULL,
  `date_format` varchar(100) NOT NULL,
  `task_type` varchar(100) NOT NULL,
  `day_type` varchar(100) NOT NULL,
  `type` varchar(100) NOT NULL,
  `recipe_code` varchar(100) NOT NULL,
  `customer_id` int(11) NOT NULL,
  `start_time` varchar(100) NOT NULL,
  `end_time` varchar(100) NOT NULL,
  `budget` varchar(100) NOT NULL,
  `time` varchar(100) NOT NULL,
  `pro_details` varchar(1000) NOT NULL,
  `status` varchar(100) NOT NULL
) ENGINE=InnoDB DEFAULT CHARSET=latin1;

--
-- Dumping data for table `tbl_recipe`
--

INSERT INTO `tbl_recipe` (`recipe_id`, `product_name`, `product_title`, `product_description`, `date`, `date_format`, `task_type`, `day_type`, `type`, `recipe_code`, `customer_id`, `start_time`, `end_time`, `budget`, `time`, `pro_details`, `status`) VALUES
(156, '', 'dal bati', 'Dal baati is an Indian dish comprising dal and baati. It is popular in Rajasthan, Uttar Pradesh and ', '2017-06-09', '2017 June 09', 'Food', '', 'Breakfast', '75323ae', 77, '', '', '', '', '', 'reminder'),
(217, '', 'askfksoskdj', 'sdmdkslfkck', '2017-08-02', '2017 Aug 02', 'Food', '', 'Dinner', '281dbe3', 77, '', '', '', '', '', '0'),
(218, '', 'aksdksldkks', 'Asklaslkssxlk', '2017-08-02', '2017 Aug 02', 'Cleaning', '', 'Once A Day', 'fe02664', 77, '', '', '', '21:37', '', '0'),
(219, '', 'regt gfjgh', 'hgjfhgjhgjhgk', '2017-06-10', '2017 Jun 10', 'Body', '', 'Morning', '399e7dd', 77, '', '', '', '', '', '0'),
(220, '', 'crick', 'cricket', '2017-06-02', '2017 Jun 02', 'Sports', 'Once', '', '4681655', 77, '', '', '', '5:00 PM', '', '0'),
(221, '', 'crick', 'cricket', '2017-06-02', '2017 Jun 02', 'Sports', 'Once', '', 'dc6ddeb', 77, '', '', '', '5:00 PM', '', '0'),
(222, '', 'crick', 'cricket', '2017-06-15', '2017 Jun 15', 'Sports', 'Once', '', 'c458244', 77, '', '', '', '5:00 PM', '', '0'),
(223, '', 'dvvdhdgd', 'DbfgNdbfng', '2017-08-02', '2017 Aug 02', 'Event', '', '', '67ce625', 77, '20:41', '20:42', '0', '', '', '0'),
(224, '', 'askdkslx', 'Akdgkslfkfkskfkk', '2017-12-02', '2017 Dec 02', 'Event', '', '', '8ae6c04', 77, '20:43', '21:43', '0', '', '', '0'),
(225, '', 'cricket', 'cricket', '2017-06-15', '2017 Jun 15', 'Sports', 'Once', '', 'e184530', 77, '', '', '', '5:00 PM', '', '0'),
(226, '', 'xs', 'zzs', '2017-06-02', '2017 Jun 02', 'Body', '', 'Morning', 'e10c500', 77, '', '', '', '', '', '0'),
(227, '', '0', '0', 'Invalid date', '0', 'Sports', '0', '', 'bb70448', 77, '', '', '', '0', '', '0'),
(228, '', 'gdyyd', 'yfuuf', '2017-06-02', '2017 Jun 02', 'Body', '', 'Morning', 'f663c6c', 77, '', '', '', '', '', '0'),
(229, '', 'gdyyd', 'yfuuf', '2017-06-02', '2017 Jun 02', 'Body', '', 'Morning', 'b6e89fc', 77, '', '', '', '', '', '0'),
(232, '', '---A_R_U_N___ ', 'kgbkfnbl', 'Invalid date', '2017-12-05656', 'aaadsfdsfaa', '', '452009', 'db49fd0', 77, '', '', '', '', '', '0'),
(233, '', '---A_R_U_N___ ', 'kgbkfnbl', 'Invalid date', '2017-12-05656', 'aaadsfdsfaa', '', '452009', '0c8d7e4', 77, '', '', '', '', '', '0'),
(234, '', 'sldsldsdslds', 'dsadsdasd add', '2017-06-08', '2017 Jun 08', 'Food', '', 'Breakfast', '151d57f', 77, '', '', '', '', '', '0'),
(235, '', 'rhgfhdjvf', 'ffdgfgdsfg', '2017-06-05', '2017 Jun 05', 'Food', '', 'Breakfast', '0468b6e', 77, '', '', '', '', '', 'Buy'),
(236, '', 'bbb', '  jhgg', '2017-06-06', '2017 Jun 06', 'Cleaning', '', 'Once', 'e250ad8', 77, '', '', '', '12:00 AM', '', '0'),
(237, '', 'gggyy', 'gyyyy', '2017-06-08', '2017 Jun 08', 'Food', '', 'Breakfast', 'b964fde', 77, '', '', '', '', '', 'reminder'),
(238, '', 'dal bati', 'Dal baati is an Indian dish comprising dal and baati. It is popular in Rajasthan, Uttar Pradesh and ', '2017-06-09', '2017 June 09', 'Food', '', 'Breakfast', 'b19cbb0', 77, '', '', '', '', '', 'Buy'),
(239, '', '6d6d', '6d6d', '2017-06-06', '2017 Jun 06', 'Food', '', 'Dinner', '536c591', 77, '', '', '', '', '', 'Buy'),
(240, '', 'sdasdsad', 'sadasdsds', '2017-06-10', '2017 Jun 10', 'Food', '', 'Breakfast', 'dd13818', 77, '', '', '', '', '', '0'),
(241, '', 'yuioi', 'iuoyy', '2017-06-06', '2017 Jun 06', 'Food', '', 'Breakfast', '2e9b59a', 77, '', '', '', '', '', 'Buy'),
(242, '', 'yuioi', 'iuoyy', '2017-06-06', '2017 Jun 06', 'Food', '', 'Breakfast', '987fe1e', 77, '', '', '', '', '', 'Buy'),
(243, '', 'dal bati', 'Dal baati is an Indian dish comprising dal and baati. It is popular in Rajasthan, Uttar Pradesh and ', '2017-06-09', '2017 June 09', 'Food', '', 'Breakfast', '5ebc863', 77, '', '', '', '', '', 'Buy'),
(244, '', '0', '0', 'Invalid date', '0', 'Sports', '0', '', 'ec01150', 77, '', '', '', '0', '', '0'),
(245, '', 'assess', 'dsadsads', '2017-06-10', '2017 Jun 10', 'Food', '', 'Breakfast', '2c2c7eb', 77, '', '', '', '', '', '0'),
(246, '', 'daddy fed', 'fdsfdfsdf', '2017-06-13', '2017 Jun 13', 'Food', '', 'Breakfast', '68ff136', 77, '', '', '', '', '', '0'),
(247, '', 'iuykjm', 'jhggg', '2017-06-07', '2017 Jun 07', 'Food', '', 'Breakfast', 'cc52833', 77, '', '', '', '', '', 'Buy'),
(248, '', 'iitl', 'ililili', '2017-06-08', '2017 Jun 08', 'Food', '', 'Lunch', '4777304', 77, '', '', '', '', '', 'Buy'),
(249, '', 'jhgkjhkj', 'gjhkjhkjhj', '2017-06-13', '2017 June 13', 'Food', '', 'Breakfast', 'abdf97b', 77, '', '', '', '', '', 'Buy'),
(250, '', 'fddfd', 'dsfsdf', '2017-06-23', '2017 June 23', 'Food', '', 'Lunch', '323d338', 77, '', '', '', '', '', 'Buy'),
(251, '', 'yyy', 'rrtt', '2017-06-08', '2017 Jun 08', 'Food', '', 'Breakfast', 'b089168', 77, '', '', '', '', '', 'Buy'),
(252, '', 'yyy', 'rrtt', '2017-06-08', '2017 Jun 08', 'Food', '', 'Breakfast', '8f77b30', 77, '', '', '', '', '', 'Buy'),
(253, '', 'rt', 'ttt', '2017-06-08', '2017 Jun 08', 'Food', '', 'Breakfast', '2f56222', 77, '', '', '', '', '', 'Buy'),
(254, '', '4466', '644664', '2017-06-08', '2017 Jun 08', 'Food', '', 'Breakfast', 'cf73ba0', 77, '', '', '', '', '', 'Buy'),
(255, '', 'j85', 'rt77t', '2017-06-08', '2017 Jun 08', 'Food', '', 'Breakfast', '70b9370', 77, '', '', '', '', '', 'Buy'),
(256, '', 'dhfhy', 'ehdhdh', '2017-06-08', '2017 Jun 08', 'Food', '', 'Breakfast', 'd0966cd', 77, '', '', '', '', '', 'Buy'),
(257, '', 'dhfhy', 'ehdhdh', '2017-06-08', '2017 Jun 08', 'Food', '', 'Breakfast', '478f2b3', 77, '', '', '', '', '', 'Buy'),
(258, '', 'dhfhy', 'ehdhdh', '2017-06-08', '2017 Jun 08', 'Food', '', 'Breakfast', '69417ef', 77, '', '', '', '', '', 'Buy'),
(259, '', 'dhfhy', 'ehdhdh', '2017-06-08', '2017 Jun 08', 'Food', '', 'Breakfast', '4a37801', 77, '', '', '', '', '', 'Buy'),
(260, '', 'dhfhy', 'ehdhdh', '2017-06-08', '2017 Jun 08', 'Food', '', 'Breakfast', 'c31157f', 77, '', '', '', '', '', 'Buy'),
(261, '', 'dhfhy', 'ehdhdh', '2017-06-08', '2017 Jun 08', 'Food', '', 'Breakfast', 'c58b0ec', 77, '', '', '', '', '', 'Buy'),
(262, '', 'kjl;lk;', 'kjl;l;kl;l;l;kl;l', '2017-06-08', '2017 Jun 08', 'Food', '', 'Breakfast', '3b2a736', 77, '', '', '', '', '', 'Buy'),
(263, '', 'hfg', 'hgjhgg', '2017-06-08', '2017 Jun 08', 'Food', '', 'Breakfast', '4bc3497', 77, '', '', '', '', '', 'Buy'),
(264, '', 'hfg', 'hgjhgg', '2017-06-08', '2017 Jun 08', 'Food', '', 'Breakfast', 'b912460', 77, '', '', '', '', '', 'Buy'),
(265, '', 'nkknnn', 'hgjhjhgjhj', '2017-06-08', '2017 Jun 08', 'Food', '', 'Breakfast', '18d0fd3', 77, '', '', '', '', '', 'Buy'),
(266, '', 'tit', '3y74e', '2017-06-09', '2017 Jun 09', 'Food', '', 'Breakfast', '4328f75', 77, '', '', '', '', '', 'Buy'),
(267, '', 'yh', 'tggy', '2017-06-09', '2017 Jun 09', 'Food', '', 'Breakfast', '6a9c8f2', 77, '', '', '', '', '', 'Buy'),
(268, '', 'rrr', 'er', '2017-06-09', '2017 Jun 09', 'Food', '', 'Breakfast', 'e1da551', 77, '', '', '', '', '', 'Buy'),
(269, '', 'rr3', 'ryt7', '2017-06-09', '2017 Jun 09', 'Food', '', 'Breakfast', 'ebfb1db', 77, '', '', '', '', '', 'Buy'),
(270, '', 'rurr', 'eti', '2017-06-09', '2017 Jun 09', 'Food', '', 'Breakfast', 'd775142', 77, '', '', '', '', '', 'Buy'),
(271, '', 'rtff', 'ygg', '2017-06-09', '2017 Jun 09', 'Food', '', 'Breakfast', '6f20459', 77, '', '', '', '', '', 'Buy'),
(272, '', 'dvddg', 'egyrr', '2017-06-09', '2017 Jun 09', 'Food', '', 'Breakfast', 'a6562ce', 77, '', '', '', '', '', 'Buy'),
(273, '', '4y57', 'yrr7r', '2017-06-09', '2017 Jun 09', 'Food', '', 'Breakfast', '5b70976', 77, '', '', '', '', '', 'Buy'),
(274, '', 'e64r7', 'rurr', '2017-06-09', '2017 Jun 09', 'Food', '', 'Breakfast', 'e017dbc', 77, '', '', '', '', '', 'Buy'),
(275, '', 'hhh', 'gggh', '2017-06-09', '2017 Jun 09', 'Food', '', 'Breakfast', 'aafb9ea', 77, '', '', '', '', '', 'Buy'),
(276, '', 'ehyd', 'sgx', '2017-06-09', '2017 Jun 09', 'Food', '', 'Breakfast', '0e77e0c', 77, '', '', '', '', '', 'Buy'),
(277, '', 'ur4', 'dhfu', '2017-06-09', '2017 Jun 09', 'Food', '', 'Breakfast', 'dfa0658', 77, '', '', '', '', '', 'Buy'),
(278, '', 'ur4', 'dhfu', '2017-06-09', '2017 Jun 09', 'Food', '', 'Breakfast', 'b61d816', 77, '', '', '', '', '', 'Buy'),
(279, '', 'fff', 'fgg', '2017-06-09', '2017 Jun 09', 'Food', '', 'Breakfast', 'be8bdde', 77, '', '', '', '', '', 'Buy'),
(280, '', 'hjhrtrydfh', 'gfhgfh', '2017-06-09', '2017 Jun 09', 'Food', '', 'Breakfast', '075e87b', 77, '', '', '', '', '', 'Buy'),
(281, '', 'bvnvb', 'bvnbn', '2017-06-09', '2017 Jun 09', 'Food', '', 'Breakfast', 'bdded39', 77, '', '', '', '', '', 'Buy'),
(282, '', 'CB bfhd', 'dhf', '2017-06-09', '2017 Jun 09', 'Food', '', 'Breakfast', '5044e08', 77, '', '', '', '', '', 'Buy'),
(283, '', 'h', 'gg', '2017-06-09', '2017 Jun 09', 'Food', '', 'Breakfast', '7af52f4', 77, '', '', '', '', '', 'Buy'),
(284, '', 'hhh', 'ghhh', '2017-06-09', '2017 Jun 09', 'Food', '', 'Breakfast', 'cd7c471', 77, '', '', '', '', '', 'Buy'),
(285, '', 'hhh', 'ghhh', '2017-06-09', '2017 Jun 09', 'Food', '', 'Breakfast', 'a68e5a6', 77, '', '', '', '', '', 'Buy'),
(286, '', 'hhh', 'ghhh', '2017-06-09', '2017 Jun 09', 'Food', '', 'Breakfast', 'c8d6743', 77, '', '', '', '', '', 'Buy'),
(287, '', 'hhh', 'ghhh', '2017-06-09', '2017 Jun 09', 'Food', '', 'Breakfast', '9001898', 77, '', '', '', '', '', 'Buy'),
(288, '', 'hhh', 'ghhh', '2017-06-09', '2017 Jun 09', 'Food', '', 'Breakfast', '9d295e6', 77, '', '', '', '', '', 'Buy'),
(289, '', 'zyd', 'de', '2017-06-09', '2017 Jun 09', 'Food', '', 'Breakfast', '777e2c9', 77, '', '', '', '', '', 'Buy'),
(290, '', 'hoj', 'iiig', '2017-06-09', '2017 Jun 09', 'Food', '', 'Breakfast', 'df43037', 77, '', '', '', '', '', 'Buy'),
(291, '', 'asdsdsdsa', 'dsadsadasdsad', '2017-06-12', '2017 Jun 12', 'Food', '', 'Breakfast', 'd62309e', 77, '', '', '', '', '', '0'),
(292, '', 'asdsadasd', 'dsadasdasd', '2017-06-12', '2017 Jun 12', 'Food', '', 'Breakfast', 'e8515e8', 77, '', '', '', '', '', '0'),
(293, '', 'gfhgfhgfgghgfjhgjh', 'ghjhgjghjh', '2017-06-09', '2017 Jun 09', 'Food', '', 'Breakfast', '39d00c6', 77, '', '', '', '', '', 'Buy'),
(294, '', 'gfhgfhghh', 'jhkjhkjhkjhk', '2017-06-09', '2017 Jun 09', 'Food', '', 'Breakfast', '9de7031', 77, '', '', '', '', '', 'Buy'),
(295, '', 'asdsdsad', 'sadsdasdsad', '2017-06-12', '2017 Jun 12', 'Food', '', 'Breakfast', 'b24dc9d', 77, '', '', '', '', '', '0'),
(296, '', 'asddsds', 'dsadsadasd', '2017-06-13', '2017 Jun 13', 'Food', '', 'Breakfast', 'ef84344', 77, '', '', '', '', '', '0'),
(297, '', ';lllj', 'lkl;l;k', '2017-06-09', '2017 Jun 09', 'Food', '', 'Lunch', 'bcfcdfa', 77, '', '', '', '', '', 'Buy'),
(298, '', 'htghgh', 'gfhgfhg', '2017-06-09', '2017 Jun 09', 'Food', '', 'Breakfast', '03e2797', 77, '', '', '', '', '', 'Buy'),
(299, '', 'asdasdasd', 'sadasdsds', '2017-06-14', '2017 Jun 14', 'Food', '', 'Breakfast', '4c3023b', 77, '', '', '', '', '', '0'),
(300, '', 'ett', 'ttyte', '2017-06-09', '2017 Jun 09', 'Food', '', 'Breakfast', '18029e1', 77, '', '', '', '', '', 'Buy'),
(301, '', 'hgfhj', 'fhjhgjh', '2017-06-09', '2017 Jun 09', 'Food', '', 'Breakfast', 'b658a33', 77, '', '', '', '', '', 'Buy'),
(302, '', 'asdasdasds', 'dsadasds', '2017-06-13', '2017 Jun 13', 'Food', '', 'Breakfast', '635ed49', 77, '', '', '', '', '', '0'),
(303, '', 'asdsadsd', 'dsadsadasd', '2017-06-13', '2017 Jun 13', 'Food', '', 'Breakfast', '98ab32b', 77, '', '', '', '', '', '0'),
(304, '', 'asdsdasds', 'dsadsadasd', '2017-06-13', '2017 Jun 13', 'Food', '', 'Breakfast', '87ce0af', 77, '', '', '', '', '', '0'),
(305, '', 'vvv', 'vvvv', '2017-06-09', '2017 Jun 09', 'Food', '', 'Breakfast', 'febd8e9', 77, '', '', '', '', '', 'Buy'),
(306, '', 'asdassd', 'dsadsadasd', '2017-06-13', '2017 Jun 13', 'Food', '', 'Breakfast', 'ac6ac03', 77, '', '', '', '', '', '0'),
(307, '', 'gfjn', 'jkhjkj', '2017-06-09', '2017 Jun 09', 'Food', '', 'Breakfast', 'd10a3ef', 77, '', '', '', '', '', 'Buy'),
(308, '', 'gfhgfh', 'ghggh', '2017-06-09', '2017 Jun 09', 'Food', '', 'Breakfast', 'd456a7f', 77, '', '', '', '', '', 'Buy'),
(309, '', 'yuyu', 'yuytu', '2017-06-09', '2017 Jun 09', 'Food', '', 'Breakfast', 'd31eeb2', 77, '', '', '', '', '', 'Buy'),
(310, '', 'hjjj', 'kjlkl', '2017-06-09', '2017 Jun 09', 'Food', '', 'Breakfast', '3c66e09', 77, '', '', '', '', '', 'Buy'),
(311, '', 'p[po', 'p[po[', '2017-06-09', '2017 Jun 09', 'Food', '', 'Breakfast', '14282f4', 77, '', '', '', '', '', 'Buy'),
(312, '', 'hiii', 'hiiig', '2017-06-09', '2017 Jun 09', 'Food', '', 'Breakfast', '136e2d7', 77, '', '', '', '', '', 'Buy'),
(313, '', 'fff', 'rrd', '2017-06-09', '2017 Jun 09', 'Food', '', 'Breakfast', '20bc163', 77, '', '', '', '', '', 'Buy'),
(314, '', 'fff', 'rrd', '2017-06-09', '2017 Jun 09', 'Food', '', 'Breakfast', '9b221cf', 77, '', '', '', '', '', 'Buy'),
(315, '', 'Singh', 'hiiiI', '2017-06-09', '2017 Jun 09', 'Food', '', 'Breakfast', '5405eaa', 77, '', '', '', '', '', 'Buy'),
(316, '', 'Singh', '\njjhhhhhhis', '2017-06-09', '2017 Jun 09', 'Food', '', 'Dinner', 'fb6e287', 77, '', '', '', '', '', 'Buy'),
(317, '', 'asdasds', 'asdsadsads', '2017-06-13', '2017 Jun 13', 'Food', '', 'Breakfast', '3f11d2c', 77, '', '', '', '', '', '0'),
(318, '', 'asdasdasds', 'asdasdasds', '2017-06-13', '2017 Jun 13', 'Food', '', 'Dinner', 'ce21fa1', 77, '', '', '', '', '', '0'),
(319, '', 'asdasdasds', 'asdasdasds', '2017-06-13', '2017 Jun 13', 'Food', '', 'Breakfast', '5d67cab', 77, '', '', '', '', '', '0'),
(320, '', 'asdasdasds', 'dsdasdsd', '2019-06-09', '2019 Jun 09', 'Food', '', 'Breakfast', '654145f', 77, '', '', '', '', '', '0'),
(321, '', 'oipjiopy87gigouioi', 'uhoip', '2017-06-09', '2017 Jun 09', 'Food', '', 'Breakfast', 'a2a41b7', 77, '', '', '', '', '', 'Buy'),
(322, '', 'asdsdsad', 'asdasdasds', '2017-06-12', '2017 Jun 12', 'Food', '', 'Breakfast', '159d97d', 77, '', '', '', '', '', '0'),
(323, '', 'uijhboihko', 'kp[op[po[]', '2017-06-09', '2017 Jun 09', 'Food', '', 'Breakfast', 'f844ec4', 77, '', '', '', '', '', 'Buy'),
(324, '', 'oopipop', 'ihjbl', '2017-06-09', '2017 Jun 09', 'Food', '', 'Breakfast', 'a360631', 77, '', '', '', '', '', 'Buy'),
(325, '', 'asdsadsdadasd', 'dsadsadasd', '2017-06-13', '2017 Jun 13', 'Food', '', 'Breakfast', '0063929', 77, '', '', '', '', '', '0'),
(326, '', 'kijojol ', 'kl;m''', '2017-06-09', '2017 Jun 09', 'Food', '', 'Breakfast', '63386ca', 77, '', '', '', '', '', 'Buy'),
(327, '', 'dal bati', 'Dal baati is an Indian dish comprising dal and baati. It is popular in Rajasthan, Uttar Pradesh and ', '2017-06-09', '2017 June 09', 'Food', '', 'Breakfast', 'ff46770', 77, '', '', '', '', '', 'Buy'),
(328, '', 'asdasdasds', 'dsadsadasd', '2017-06-13', '2017 Jun 13', 'Food', '', 'Lunch', '6dec1de', 77, '', '', '', '', '', '0'),
(329, '', 'asdasdasds', 'dsadsadasd', '2017-06-13', '2017 Jun 13', 'Food', '', 'Dinner', '9ad930b', 77, '', '', '', '', '', '0'),
(330, '', 'dal bati', 'Dal baati is an Indian dish comprising dal and baati. It is popular in Rajasthan, Uttar Pradesh and ', '2017-06-09', '2017 June 09', 'Food', '', 'Breakfast', '0b95a20', 77, '', '', '', '', '', 'Buy'),
(331, '', 'asdasdasd', 'dsadsadasd', '2017-06-12', '2017 Jun 12', 'Food', '', 'Breakfast', '0881816', 77, '', '', '', '', '', '0'),
(332, '', 'asdasdas', 'asdsdsad', '2017-06-12', '2017 Jun 12', 'Food', '', 'Dinner', '4623882', 77, '', '', '', '', '', '0'),
(333, '', 'dal bati', 'Dal baati is an Indian dish comprising dal and baati. It is popular in Rajasthan, Uttar Pradesh and ', '2017-06-09', '2017 June 09', 'Food', '', 'Breakfast', 'e3ee74d', 77, '', '', '', '', '', 'Buy'),
(334, '', 'dhdhe', 'djfjcjc', '2017-06-09', '2017 Jun 09', 'Food', '', 'Breakfast', '8632b6c', 77, '', '', '', '', '', 'Buy'),
(335, '', 'asdsdasdasd', 'asdasdasds', '2017-06-12', '2017 Jun 12', 'Food', '', 'Breakfast', '2e330da', 77, '', '', '', '', '', '0');

-- --------------------------------------------------------

--
-- Table structure for table `tbl_store_login`
--

CREATE TABLE `tbl_store_login` (
  `store_id` int(11) NOT NULL,
  `first_name` varchar(100) NOT NULL,
  `username` varchar(100) NOT NULL,
  `last_name` varchar(100) NOT NULL,
  `shop_name` varchar(100) NOT NULL,
  `mobile_no` varchar(100) NOT NULL,
  `email` varchar(100) NOT NULL,
  `password` varchar(100) NOT NULL,
  `UserType` int(11) NOT NULL,
  `otp_no` varchar(100) NOT NULL,
  `photo` varchar(100) NOT NULL,
  `date` varchar(100) NOT NULL,
  `area_of_services` varchar(100) NOT NULL,
  `time` varchar(100) CHARACTER SET latin1 COLLATE latin1_bin NOT NULL,
  `bid` varchar(100) NOT NULL,
  `offer_status` varchar(100) NOT NULL
) ENGINE=InnoDB DEFAULT CHARSET=latin1;

--
-- Dumping data for table `tbl_store_login`
--

INSERT INTO `tbl_store_login` (`store_id`, `first_name`, `username`, `last_name`, `shop_name`, `mobile_no`, `email`, `password`, `UserType`, `otp_no`, `photo`, `date`, `area_of_services`, `time`, `bid`, `offer_status`) VALUES
(1, 'Amey', 'Kumrar', 'Raverkar', 'Apna Sweets', '9754845046', 'aamey.raverkar@gmail.com', 'aHC6c31S1egR8lIicu6KIA==', 1, '', '', '', '', '2017-02-08 16:14:38', '', ''),
(2, 'Ankit', 'Kumar', 'Solanki', 'JMB', '9754845046', 'aamey.raverkar@gmail.com', 'ankit123', 0, '', '', '', '', '2017-02-08 16:15:32', '', ''),
(3, 'Ankit', 'Kumar', 'Solanki', 'Raverkar Store', '9754845046', 'ankit@gmail.com', 'ankit123', 0, '', '', '', '', '2017-02-08 16:14:53', '', '');

-- --------------------------------------------------------

--
-- Table structure for table `tbl_wallet`
--

CREATE TABLE `tbl_wallet` (
  `id` int(11) NOT NULL,
  `customer_id` int(11) NOT NULL,
  `amount` text NOT NULL
) ENGINE=InnoDB DEFAULT CHARSET=latin1;

--
-- Dumping data for table `tbl_wallet`
--

INSERT INTO `tbl_wallet` (`id`, `customer_id`, `amount`) VALUES
(1, 77, '12000');

-- --------------------------------------------------------

--
-- Table structure for table `user`
--

CREATE TABLE `user` (
  `id` int(11) NOT NULL,
  `username` varchar(255) NOT NULL,
  `password` varchar(250) NOT NULL,
  `email` varchar(100) NOT NULL,
  `address` varchar(100) NOT NULL,
  `first_name` varchar(100) NOT NULL,
  `middle_name` varchar(100) NOT NULL,
  `last_name` varchar(100) NOT NULL,
  `userType` varchar(100) NOT NULL,
  `contact_no` varchar(100) NOT NULL,
  `date` varchar(100) NOT NULL,
  `time` varchar(100) NOT NULL,
  `shop_name` varchar(100) NOT NULL,
  `area_of_services` varchar(100) NOT NULL,
  `code` varchar(100) NOT NULL,
  `datetimeOld` varchar(100) NOT NULL,
  `gender` varchar(100) NOT NULL,
  `status` int(11) NOT NULL
) ENGINE=InnoDB DEFAULT CHARSET=latin1;

--
-- Dumping data for table `user`
--

INSERT INTO `user` (`id`, `username`, `password`, `email`, `address`, `first_name`, `middle_name`, `last_name`, `userType`, `contact_no`, `date`, `time`, `shop_name`, `area_of_services`, `code`, `datetimeOld`, `gender`, `status`) VALUES
(1, 'dhananjay', '12345', 'aamey.raverkar@gmail.com', '31 Vijay nagar', 'Ankit', 'kumar', 'Solanki', 'admin', '9754845046', '2017-01-26', '10-2', 'Apna Sweet', 'Bhopal', 'ab79475', '2017-04-07 17:54:53.574', 'Male', 1),
(2, 'deepak', 'deepak', 'deepak@inwizards.com', '31 Vijay nagar', 'Deepak', 'kumar', 'Solanki', 'admin', '9713551729', '2017-01-26', '12:9PM-11:9PM', 'JMB', 'Bhopal', '917295e', '2017-04-07 13:22:41.037', 'Male', 1),
(3, 'demo', 'demo', 'demo@gmail.com', '31 Vijay nagar', 'sitara ', '', '', 'admin', '9754845', '2017-01-26', '11:00 to 12:00', 'Arun Store', '', '1487908739064', '', 'male', 1),
(4, 'rakesh', 'rakesh', 'rakesh@gmail.com', '32 Vijay nagar', 'rakesh', '', '', 'admin', '9521247470', '2017-01-26', '', 'Sweet Store', '', '16457a2', '2017-04-07 13:02:55.211', 'Male', 1),
(5, 'Ankit', 'Ankit', 'jitendra@inwifgfdzards.com', '33 Vijay nagar', 'Ankit', '', '', 'admin', '8653636', '2017-01-26', '', 'Ankit Store', '', '1487908942237', '', 'male', 1),
(6, 'amey_raverkar', 'amey123', 'sdfdsf', '31 Vijay nagar', 'Amey', '', '', 'admin', '9754845046', '2017-01-26', '', 'Raverkar Store', '', '2222', '2017-02-27 12:42:16.803', 'Male', 1),
(7, 'jitendra', 'John', 'jitendra@gmail.com', '31 Vijay nagar', 'Jitendra', '', '', 'admin', '865xx3636', '2017-01-26', '', 'Jitendra Store', '', '1487909921640', '', 'male', 1),
(68, 'jitsxxsdgdgdfdfu', 'Mark', 'jitendra@inxxwifyyygfdzards.com', '31 Vijay nagar', 'John', '', '', 'customer', '8959653636', '2017-02-11', '', '', '', '88c47d1', '2017-04-07 12:17:39.505', 'male', 1),
(69, 'amey123', 'Mohan', 'jzards.com', '31 Vijay nagar', 'Mark', '', '', 'customer', '97548450', '2017-02-11', '', '', '', '91ad3cd', '', 'male', 1),
(70, 'ameya123', 'Sohan', 'jza1rds.com', '31 Vijay nagar', 'Mohan', '', '', 'customer', '9', '2017-02-11', '', '', '', '91ad3cd', '', 'male', 1),
(71, 'ameya1ww23', 'rrrrr', 'jza31rds.com', '31 Vijay nagar', 'Sohan', '', '', 'customer', '975484', '2017-02-11', '', '', '', '91ad3cd', '', 'male', 1),
(72, 'ameya1ww23qq', '11dd1', 'jza31rttds.com', '31 Vijay nagar', 'Anuj', '', '', 'customer', '9834784578', '2017-02-11', '', '', '', 'fe6f0f9', '', 'male', 1),
(73, 'ameya1w99w23qq', 'iiiiii', 'jza31tds.com', '31 Vijay nagar', 'Ankur', '', '', 'customer', '98784578', '2017-01-26', '', '', '', 'ab1ea52', '', 'male', 1),
(74, 'sourabh', '12345', 'sourabh@gmail.com', '31 Vijay nagar', 'Sourabh', '', '', 'customer', '9039343396', '2017-01-26', '', '', '', 'd0a6cde', '', 'Male', 1),
(75, 'abhishek', '12345', 'abhi@gmail.com', '31 Vijay nagar', 'Abhishek', '', '', 'customer', '8871740366', '2017-01-26', '', '', '', '690b324', '', 'Male', 1),
(76, 'neha', 'neha', 'neha@inwizards.com', '31 Vijay nagar', 'Neha', '', '', 'admin', '8827007007', '2017-01-26', '', '', '', 'c5e601c', '2017-03-04 17:50:32.131', 'Female', 1),
(77, 'dev', 'dev', 'Inwizards@gmail.com', '31 Vijay nagar', 'Dev', '', '', 'customer', '9993422184', '2017-01-26', '8 A.M. - 2 P.M.', '', '', '13bd3a9', '', 'Male', 2),
(78, 'harsh', 'harsh', 'harsh@gmail.com', '31 Vijay nagar', 'Harsh mathur', '', '', 'customer', '9826786487', '2017-01-26', '', '', '', '5666c36', '', 'Male', 2),
(80, 'nishant', 'nishant123', 'nishant@inwizards.com', '', 'nishant', '', '', 'customer', '555555', '2017-03-04', '', '', '', '', '', 'Male', 1),
(84, 'Monty', 'Monty123', 'nishant11@inwizards.com', '', 'Monty', '', '', 'Developer', '00000', '2017-03-04', '', '', '', '6e9b574', '2017-03-04 17:05:40.728', 'Male', 1),
(89, 'NishantTiwari', 'nishant123', 'imnishanttiwari@gmail.com', '', 'Nishant', '', '', 'customer', '9755363672', '2017-03-29', '', '', '', '0d53fab', '', 'Male', 1),
(90, 'abc', 'abc', 'abc@gmail.com', '31 Vijay nagar', 'Abc', '', 'eif', 'customer', '9754845046', '2017-01-26', '', '', '', '83af5cb', '2017-04-07 12:46:11.691', 'Male', 1),
(93, 'Shivaji', '00000', 'Rajnianna@gmail.com', '', 'RajniKant', '', '', 'customer', '9999955555', '2017-03-29', '', '', '', 'c6adc81', '', 'Male', 1),
(94, 'golu', 'golu123', 'golu22@gmail.com', 'indore', 'golu', '', 'shukla', 'customer', '5554845046', '2017-03-25', '', '', '', '', '', 'Male', 1),
(95, 'amey_raverkar1111111', 'ankesh123', 'sdfdsf', 'dewas', 'ankesh', '', 'goyal', 'customer', '9754845046', '2017-03-3', '', '', '', '', '', 'Male', 1),
(96, 'punit', 'punit123', 'punit22@gmail.com', 'datiya', 'punit', '', 'tomar', 'customer', '4545845046', '2017-01-4', '', '', '', '', '', 'Male', 1),
(97, 'ravi', 'ravi123', 'ravi123@gmail.com', 'dhar', 'ravi', '', 'singh', 'customer', '4125845046', '2017-01-15', '', '', '', '', '', 'Male', 1),
(98, 'ajay', 'ajay123', 'ajay123@gmail.com', 'jhabuaa', 'ajay', '', 'jat', 'customer', '9995845046', '2017-01-15', '', '', '', '', '', 'Male', 1),
(99, 'vrishabh', 'vrishabh123', 'vrishabh123@gmail.com', 'rewa', 'vrishabh', '', 'patil', 'customer', '7775845046', '2017-01-15', '', '', '', '', '', 'Male', 1),
(100, 'mohit', 'mohit123', 'mohit123@gmail.com', 'dewas', 'mohit', '', 'goswami', 'customer', '99777845046', '2017-01-18', '', '', '', '', '', 'Male', 1),
(101, 'uday', 'uday123', 'uday123@gmail.com', 'dewas', 'uday', '', 'boss', 'customer', '77708845046', '2017-01-18', '', '', '', '', '', 'Male', 1),
(102, 'jay', 'jay123', 'jay123@gmail.com', 'mahu', 'jay', '', 'lalita', 'customer', '9260845046', '2017-02-01', '', '', '', '', '', 'Male', 1),
(103, 'om', 'om123', 'om123@gmail.com', 'rau', 'om', 'prasad', 'makhija', 'customer', '4545454466', '2017-04-18', '', '', '', '', '', 'Male', 1),
(104, 'vijay', 'vijay123', 'vijay123@gmail.com', 'vijaywada', 'vijay', '', 'joshi', 'customer', '74125845046', '2017-01-16', '', '', '', '', '', 'Male', 1),
(105, 'ayush', 'ayush123', 'ayush123@gmail.com', 'dhar', 'ayush', '', 'jaiswal', 'customer', '88708845046', '2017-05-18', '', '', '', '', '', 'Male', 1),
(106, 'akash', 'akash123', 'akash123@gmail.com', 'satna', 'akash', '', 'sisodiya', 'customer', '8888845046', '2017-01-18', '', '', '', '', '', 'Male', 1),
(107, 'mak', 'mak123', 'mak123@gmail.com', 'bhind', 'mak', '', 'parmar', 'customer', '7088455556', '2017-01-28', '', '', '', '', '', 'Male', 2),
(108, 'shanu', 'shanu123', 'shanu22@gmail.com', 'sehore', 'shanu', '', 'seth', 'customer', '5454545046', '2017-03-25', '', '', '', '', '', 'Male', 1),
(109, 'gopal', 'gopal123', 'gopal123@gmail.com', 'goa', 'gopal', '', 'rathi', 'customer', '1515121254', '2017-04-03', '', '', '', '', '', 'Male', 1),
(110, 'sonu', 'sonu123', 'sonu22@gmail.com', 'datiya', 'sonu', '', 'soni', 'customer', '9875845046', '2017-01-04', '', '', '', '', '', 'Male', 1),
(111, 'ram', 'ram123', 'ram123@gmail.com', 'depalpur', 'ram', '', 'ji', 'customer', '7535845046', '2017-01-15', '', '', '', '', '', 'Male', 1),
(112, 'rishabh', 'rishabh123', 'rishabh123@gmail.com', 'kalani nagar', 'rishabh', '', 'bajaj', 'customer', '7415124578', '2017-01-15', '', '', '', '', '', 'Male', 1),
(113, 'NITIN', '123456', 'jay@gmail.com', '', 'Nishant', '', '', 'customer', '9827346420', '2017-03-29', '', '', '', '95adb11', '', 'Male', 0),
(114, 'AAShu', 'ashu123', 'ashu91@gmail.com', '', 'Ashu', '', '', 'customer', '8871363064', '2017-03-30', '', '', '', '04a4782', '', 'Male', 0),
(115, 'yuvi', 'yuvi', 'yuvi@gmail.com', '31 Vijay Nagar', 'Yuvi', 'Kumar', 'Singh', 'admin', '9009018018', '', '', '', '', '', '', 'Male', 0),
(116, 'user', 'jvckvljcklvjc', 'cxjkhcjkxhcxjk', '', 'fkljdklfj', '', '', 'customer', 'cvcmnvcmvn', '2017-04-17', '', '', '', 'cbd0cfa', '', 'Male', 0),
(117, 'xgtyxyyc', '12', 'ygyguhuhi.comvtgy', '', 'yvyygvug', '', '', 'customer', '85868683828288282882', '2017-04-19', '', '', '', '9d75ffc', '', 'Female', 0);

--
-- Indexes for dumped tables
--

--
-- Indexes for table `tbl_address`
--
ALTER TABLE `tbl_address`
  ADD PRIMARY KEY (`order_id`);

--
-- Indexes for table `tbl_admin_product_name`
--
ALTER TABLE `tbl_admin_product_name`
  ADD PRIMARY KEY (`id`),
  ADD KEY `shop_id` (`shop_id`);

--
-- Indexes for table `tbl_area_of_services`
--
ALTER TABLE `tbl_area_of_services`
  ADD PRIMARY KEY (`area_id`),
  ADD KEY `id` (`id`);

--
-- Indexes for table `tbl_booking`
--
ALTER TABLE `tbl_booking`
  ADD PRIMARY KEY (`order_id`);

--
-- Indexes for table `tbl_chk`
--
ALTER TABLE `tbl_chk`
  ADD PRIMARY KEY (`id`);

--
-- Indexes for table `tbl_comments`
--
ALTER TABLE `tbl_comments`
  ADD PRIMARY KEY (`comment_id`);

--
-- Indexes for table `tbl_customer_login`
--
ALTER TABLE `tbl_customer_login`
  ADD PRIMARY KEY (`customer_id`);

--
-- Indexes for table `tbl_delivery_detail`
--
ALTER TABLE `tbl_delivery_detail`
  ADD PRIMARY KEY (`delivery_id`);

--
-- Indexes for table `tbl_forum`
--
ALTER TABLE `tbl_forum`
  ADD PRIMARY KEY (`forum_id`);

--
-- Indexes for table `tbl_list_of_all_products`
--
ALTER TABLE `tbl_list_of_all_products`
  ADD PRIMARY KEY (`product_id`),
  ADD KEY `product_name` (`product_name`),
  ADD KEY `product_name_2` (`product_name`);

--
-- Indexes for table `tbl_payment_gate_way`
--
ALTER TABLE `tbl_payment_gate_way`
  ADD PRIMARY KEY (`id`);

--
-- Indexes for table `tbl_product_details`
--
ALTER TABLE `tbl_product_details`
  ADD PRIMARY KEY (`id`),
  ADD KEY `product_name` (`product_name`),
  ADD KEY `recipe_code` (`recipe_code`),
  ADD KEY `product_id` (`product_id`);

--
-- Indexes for table `tbl_recipe`
--
ALTER TABLE `tbl_recipe`
  ADD PRIMARY KEY (`recipe_id`),
  ADD KEY `recipe_code` (`recipe_code`);

--
-- Indexes for table `tbl_store_login`
--
ALTER TABLE `tbl_store_login`
  ADD PRIMARY KEY (`store_id`);

--
-- Indexes for table `tbl_wallet`
--
ALTER TABLE `tbl_wallet`
  ADD PRIMARY KEY (`id`);

--
-- Indexes for table `user`
--
ALTER TABLE `user`
  ADD PRIMARY KEY (`id`);

--
-- AUTO_INCREMENT for dumped tables
--

--
-- AUTO_INCREMENT for table `tbl_address`
--
ALTER TABLE `tbl_address`
  MODIFY `order_id` int(11) NOT NULL AUTO_INCREMENT, AUTO_INCREMENT=217;
--
-- AUTO_INCREMENT for table `tbl_admin_product_name`
--
ALTER TABLE `tbl_admin_product_name`
  MODIFY `id` int(11) NOT NULL AUTO_INCREMENT, AUTO_INCREMENT=700;
--
-- AUTO_INCREMENT for table `tbl_area_of_services`
--
ALTER TABLE `tbl_area_of_services`
  MODIFY `area_id` int(11) NOT NULL AUTO_INCREMENT, AUTO_INCREMENT=202;
--
-- AUTO_INCREMENT for table `tbl_booking`
--
ALTER TABLE `tbl_booking`
  MODIFY `order_id` int(11) NOT NULL AUTO_INCREMENT, AUTO_INCREMENT=76;
--
-- AUTO_INCREMENT for table `tbl_chk`
--
ALTER TABLE `tbl_chk`
  MODIFY `id` int(11) NOT NULL AUTO_INCREMENT, AUTO_INCREMENT=222;
--
-- AUTO_INCREMENT for table `tbl_comments`
--
ALTER TABLE `tbl_comments`
  MODIFY `comment_id` int(11) NOT NULL AUTO_INCREMENT, AUTO_INCREMENT=5;
--
-- AUTO_INCREMENT for table `tbl_customer_login`
--
ALTER TABLE `tbl_customer_login`
  MODIFY `customer_id` int(11) NOT NULL AUTO_INCREMENT, AUTO_INCREMENT=2;
--
-- AUTO_INCREMENT for table `tbl_delivery_detail`
--
ALTER TABLE `tbl_delivery_detail`
  MODIFY `delivery_id` int(11) NOT NULL AUTO_INCREMENT, AUTO_INCREMENT=7;
--
-- AUTO_INCREMENT for table `tbl_forum`
--
ALTER TABLE `tbl_forum`
  MODIFY `forum_id` int(11) NOT NULL AUTO_INCREMENT, AUTO_INCREMENT=51;
--
-- AUTO_INCREMENT for table `tbl_list_of_all_products`
--
ALTER TABLE `tbl_list_of_all_products`
  MODIFY `product_id` int(11) NOT NULL AUTO_INCREMENT, AUTO_INCREMENT=433;
--
-- AUTO_INCREMENT for table `tbl_payment_gate_way`
--
ALTER TABLE `tbl_payment_gate_way`
  MODIFY `id` int(11) NOT NULL AUTO_INCREMENT, AUTO_INCREMENT=36;
--
-- AUTO_INCREMENT for table `tbl_product_details`
--
ALTER TABLE `tbl_product_details`
  MODIFY `id` int(11) NOT NULL AUTO_INCREMENT, AUTO_INCREMENT=2149;
--
-- AUTO_INCREMENT for table `tbl_recipe`
--
ALTER TABLE `tbl_recipe`
  MODIFY `recipe_id` int(11) NOT NULL AUTO_INCREMENT, AUTO_INCREMENT=336;
--
-- AUTO_INCREMENT for table `tbl_store_login`
--
ALTER TABLE `tbl_store_login`
  MODIFY `store_id` int(11) NOT NULL AUTO_INCREMENT, AUTO_INCREMENT=4;
--
-- AUTO_INCREMENT for table `tbl_wallet`
--
ALTER TABLE `tbl_wallet`
  MODIFY `id` int(11) NOT NULL AUTO_INCREMENT, AUTO_INCREMENT=2;
--
-- AUTO_INCREMENT for table `user`
--
ALTER TABLE `user`
  MODIFY `id` int(11) NOT NULL AUTO_INCREMENT, AUTO_INCREMENT=118;
--
-- Constraints for dumped tables
--

--
-- Constraints for table `tbl_admin_product_name`
--
ALTER TABLE `tbl_admin_product_name`
  ADD CONSTRAINT `tbl_admin_product_name_fk` FOREIGN KEY (`shop_id`) REFERENCES `user` (`id`);

--
-- Constraints for table `tbl_area_of_services`
--
ALTER TABLE `tbl_area_of_services`
  ADD CONSTRAINT ` tbl_area_of_services_fk` FOREIGN KEY (`id`) REFERENCES `user` (`id`);

--
-- Constraints for table `tbl_product_details`
--
ALTER TABLE `tbl_product_details`
  ADD CONSTRAINT `tbl_list_of_all_products_fk1` FOREIGN KEY (`product_id`) REFERENCES `tbl_list_of_all_products` (`product_id`),
  ADD CONSTRAINT `tbl_list_of_all_products_fk2` FOREIGN KEY (`product_name`) REFERENCES `tbl_list_of_all_products` (`product_name`);

/*!40101 SET CHARACTER_SET_CLIENT=@OLD_CHARACTER_SET_CLIENT */;
/*!40101 SET CHARACTER_SET_RESULTS=@OLD_CHARACTER_SET_RESULTS */;
/*!40101 SET COLLATION_CONNECTION=@OLD_COLLATION_CONNECTION */;
